-- 4.
CREATE TABLE SPONSOR(
    id_sponsor NUMBER NOT NULL,
    nume_sponsor VARCHAR2(30) NOT NULL,
    data_expirare_contract DATE NOT NULL,
    venit_anual NUMBER NOT NULL,
    PRIMARY KEY (id_sponsor)
);

CREATE TABLE CAMPIONAT(
id_campionat NUMBER NOT NULL,
id_sponsor NUMBER,
tara VARCHAR2(30) NOT NULL,
an_infiintare_campionat NUMBER NOT NULL,
rang NUMBER NOT NULL,
PRIMARY KEY (id_campionat),
CONSTRAINT fk_sponsor
FOREIGN KEY (id_sponsor)
REFERENCES sponsor(id_sponsor)
);

CREATE TABLE DIVIZIE(
id_divizie NUMBER NOT NULL,
id_campionat NUMBER NOT NULL,
tier NUMBER NOT NULL,
nume VARCHAR2(50),
numar_echipe NUMBER NOT NULL,
numar_locuri_promovare NUMBER NOT NULL,
numar_locuri_retrogradare NUMBER NOT NULL,
PRIMARY KEY(id_divizie),
CONSTRAINT fk_campionat
FOREIGN KEY (id_campionat)
REFERENCES CAMPIONAT(id_campionat)
);

CREATE TABLE ARBITRU(
id_arbitru NUMBER NOT NULL,
id_divizie NUMBER NOT NULL,
nume_arbitru VARCHAR2(30) NOT NULL,
central NUMBER(1) NOT NULL,
asistent NUMBER(1) NOT NULL,
tusier NUMBER(1) NOT NULL,
licenta_continentala NUMBER(1) NOT NULL,
PRIMARY KEY (id_arbitru),
CONSTRAINT fk_divizie
FOREIGN KEY (id_divizie)
REFERENCES DIVIZIE(id_divizie)
);

CREATE TABLE STADION(
id_stadion NUMBER NOT NULL,
id_campionat NUMBER NOT NULL,
nume_stadion VARCHAR2(40) NOT NULL,
numar_locuri NUMBER NOT NULL,
tip_gazon VARCHAR2(9) NOT NULL,
PRIMARY KEY (id_stadion),
CONSTRAINT fk_campionat2
FOREIGN KEY (id_campionat)
REFERENCES CAMPIONAT(id_campionat),
CHECK (tip_gazon IN('sintetic', 'natural', 'mix'))
);

CREATE TABLE STATISTICI_INDIVIDUALE(
id_statistici NUMBER NOT NULL,
numar_goluri NUMBER NOT NULL,
numar_assisturi NUMBER NOT NULL,
numar_galbene NUMBER NOT NULL,
numar_rosii NUMBER NOT NULL,
PRIMARY KEY(id_statistici)
);

CREATE TABLE LICENTA(
id_licenta NUMBER NOT NULL,
denumire_licenta VARCHAR2(30) NOT NULL,
dificultate NUMBER NOT NULL,
PRIMARY KEY (id_licenta),
CHECK (dificultate > 0 AND dificultate < 101)
);

CREATE TABLE ANTRENOR(
id_antrenor NUMBER NOT NULL,
nume_antrenor VARCHAR2(30) NOT NULL,
id_licenta NUMBER NOT NULL,
data_nastere_antrenor DATE NOT NULL,
PRIMARY KEY (id_antrenor),
CONSTRAINT fk_licenta
FOREIGN KEY(id_licenta)
REFERENCES LICENTA(id_licenta)
);

CREATE TABLE ECHIPA(
id_echipa NUMBER NOT NULL,
id_divizie NUMBER NOT NULL,
nume_echipa VARCHAR2(30) NOT NULL,
an_infiintare_echipa NUMBER NOT NULL,
numar_trofee NUMBER NOT NULL,
id_antrenor NUMBER NOT NULL,
PRIMARY KEY (id_echipa),
CONSTRAINT fk_divizie2
FOREIGN KEY(id_divizie)
REFERENCES DIVIZIE(id_divizie),
CONSTRAINT fk_antrenor
FOREIGN KEY(id_antrenor)
REFERENCES ANTRENOR(id_antrenor) 
);

CREATE TABLE PARTIDA(
id_partida NUMBER NOT NULL,
id_echipa_gazda NUMBER NOT NULL,
id_echipa_oaspete NUMBER NOT NULL,
id_stadion NUMBER NOT NULL,
nr_goluri_gazda NUMBER NOT NULL,
nr_goluri_oaspeti NUMBER NOT NULL,
numar_spectatori NUMBER NOT NULL,
PRIMARY KEY(id_partida),
CONSTRAINT fk_echipa_gazda
FOREIGN KEY(id_echipa_gazda)
REFERENCES ECHIPA(id_echipa),
CONSTRAINT fk_echipa_oaspete
FOREIGN KEY(id_echipa_oaspete)
REFERENCES ECHIPA(id_echipa),
CONSTRAINT fk_stadion
FOREIGN KEY(id_stadion)
REFERENCES STADION(id_stadion) 
);

CREATE TABLE ARBITRU_PARTIDA(
id_partida NUMBER NOT NULL,
id_arbitru NUMBER NOT NULL,
PRIMARY KEY (id_partida, id_arbitru),
CONSTRAINT fk_arbitru
FOREIGN KEY(id_arbitru)
REFERENCES ARBITRU(id_arbitru),
CONSTRAINT fk_partida
FOREIGN KEY(id_partida)
REFERENCES PARTIDA(id_partida) 
);

CREATE TABLE JUCATOR(
id_jucator NUMBER NOT NULL,
nume_jucator VARCHAR2(30) NOT NULL,
id_echipa NUMBER NOT NULL,
pozitie VARCHAR2(8) NOT NULL,
id_statistici NUMBER NOT NULL,
data_nastere_jucator DATE NOT NULL,
picior VARCHAR2(5) NOT NULL,
PRIMARY KEY (id_jucator),
CONSTRAINT fk_echipa
FOREIGN KEY(id_echipa)
REFERENCES ECHIPA(id_echipa),
CONSTRAINT fk_statistici
FOREIGN KEY(id_statistici)
REFERENCES STATISTICI_INDIVIDUALE(id_statistici),
CHECK (picior IN('stang','drept')),
CHECK (pozitie IN ('portar','fundas','mijlocas','atacant'))
);

-- 5.
INSERT INTO SPONSOR
VALUES(1, 'Uber Eats', '2024-06-30', 17000000);

INSERT INTO SPONSOR
VALUES(2, 'Santander', '2023-06-25', 20000000);

INSERT INTO SPONSOR
VALUES(3, 'TIM', '2024-07-01', 18300000);

INSERT INTO SPONSOR
VALUES(4, 'Casa Pariurilor', '2024-06-30', 1200000);

INSERT INTO SPONSOR
VALUES(5, 'BWIN', '2023-06-30', 10000000);

INSERT INTO CAMPIONAT
VALUES(1, null, 'Anglia', 1992, 1);

INSERT INTO CAMPIONAT
VALUES(2, null, 'Germania', 1963, 4);

INSERT INTO CAMPIONAT
VALUES(3, 1, 'Franta', 1930, 5);

INSERT INTO CAMPIONAT
VALUES(4, 2, 'Spania', 1929, 2);

INSERT INTO CAMPIONAT
VALUES(5, 3, 'Italia', 1898, 3);

INSERT INTO CAMPIONAT
VALUES(6, 4, 'Romania', 1909, 35);

INSERT INTO CAMPIONAT
VALUES(7, 5, 'Portugalia', 1934, 7);

INSERT INTO DIVIZIE
VALUES(1, 1, 1, 'Premier League', 20, 7, 3);

INSERT INTO DIVIZIE
VALUES(2, 1, 2, 'EFL Championship', 24, 6, 3);

INSERT INTO DIVIZIE
VALUES(3, 2, 1, 'Bundesliga', 18, 7, 3);

INSERT INTO DIVIZIE
VALUES(4, 3, 1, 'Ligue 1 Uber Eats', 20, 5, 3);

INSERT INTO DIVIZIE
VALUES(5, 4, 1, 'La Liga Santander', 20, 7, 3);

INSERT INTO DIVIZIE
VALUES(6, 5, 1, 'Serie A TIM', 20, 7, 3);

INSERT INTO DIVIZIE
VALUES(7, 6, 1, 'Liga 1 Casa Pariurilor', 16, 4, 4);

INSERT INTO DIVIZIE
VALUES(8, 6, 2, 'Liga 2 Casa Pariurilor', 20, 3, 3);

INSERT INTO DIVIZIE
VALUES(9, 7, 1, 'Primeira Liga', 18, 6, 3);

INSERT INTO ARBITRU
VALUES(1, 1, 'Michael Oliver', 1, 0, 0, 1);

INSERT INTO ARBITRU
VALUES(2, 1, 'Anthony Taylor', 1, 1, 0, 1);

INSERT INTO ARBITRU
VALUES(3, 1, 'Mike Dean', 1, 1, 0, 1);

INSERT INTO ARBITRU
VALUES(4, 1, 'Simon Long', 0, 1, 0, 0);

INSERT INTO ARBITRU
VALUES(5, 1, 'Robert Jones', 0, 0, 1, 0);

INSERT INTO ARBITRU
VALUES(6, 1, 'Andy Davies', 0, 0, 1, 0);

INSERT INTO ARBITRU
VALUES(7, 1, 'David Coote', 0, 1, 1, 0);

INSERT INTO ARBITRU
VALUES(8, 2, 'Felix Brych', 1, 0, 0, 1);

INSERT INTO ARBITRU
VALUES(9, 2, 'Marco Fritz', 1, 0, 0, 1);

INSERT INTO ARBITRU
VALUES(10, 2, 'Deniz Aytekin', 1, 1, 0, 0);

INSERT INTO ARBITRU
VALUES(11, 2, 'Benjamin Cortus', 0, 1, 0, 1);

INSERT INTO ARBITRU
VALUES(12, 2, 'Benjamin Brand', 0, 1, 0, 0);

INSERT INTO ARBITRU
VALUES(13, 2, 'Soeren Storks', 0, 0, 1, 0);

INSERT INTO ARBITRU
VALUES(14, 2, 'Patrick Ittrich', 0, 0, 1, 0);

INSERT INTO ARBITRU
VALUES(15, 3, 'Francois Letexier', 1, 0, 0, 1);

INSERT INTO ARBITRU
VALUES(16, 3, 'Mikael Lesage', 1, 0, 0, 0);

INSERT INTO ARBITRU
VALUES(17, 3, 'Jerôme Brisard', 1, 1, 0, 1);

INSERT INTO ARBITRU
VALUES(18, 3, 'Jeremie Pignard', 0, 1, 0, 1);

INSERT INTO ARBITRU
VALUES(19, 3, 'Vítor Ferreira', 0, 0, 1, 0);

INSERT INTO ARBITRU
VALUES(20, 3, 'Hakim Ben El Hadj', 0, 0, 1, 0);

INSERT INTO ARBITRU
VALUES(21, 4, 'Jose María Sanchez Martínez', 1, 0, 0, 1);

INSERT INTO ARBITRU
VALUES(22, 4, 'Mateu Lahoz', 1, 1, 0, 1);

INSERT INTO ARBITRU
VALUES(23, 4, 'Carlos del Cerro Grande', 0, 1, 0, 1);

INSERT INTO ARBITRU
VALUES(24, 4, 'Juan Martínez Munuera', 0, 0, 1, 0);

INSERT INTO ARBITRU
VALUES(25, 4, 'Mario Melero Lopez', 0, 0, 1, 1);

INSERT INTO ARBITRU
VALUES(26, 5, 'Marco Di Bello', 1, 0, 0, 1);

INSERT INTO ARBITRU
VALUES(27, 5, 'Daniele Doveri', 1, 1, 0, 0);

INSERT INTO ARBITRU
VALUES(28, 5, 'Marco Guida', 0, 1, 0, 0);

INSERT INTO ARBITRU
VALUES(29, 5, 'Gianluca Aureliano', 0, 0, 1, 1);

INSERT INTO ARBITRU
VALUES(30, 5, 'Marco Piccinini', 0, 0, 1, 0);

INSERT INTO ARBITRU
VALUES(31, 6, 'Istvan Kovacs', 1, 0, 0, 1);

INSERT INTO ARBITRU
VALUES(32, 6, 'Ovidiu Hategan', 1, 1, 0, 1);

INSERT INTO ARBITRU
VALUES(33, 6, 'Sebastian Coltescu', 1, 1, 0, 1);

INSERT INTO ARBITRU
VALUES(34, 6, 'Catalin Popa', 0, 1, 0, 0);

INSERT INTO ARBITRU
VALUES(35, 6, 'Horia Gabriel Mladinovici', 0, 1, 0, 0);

INSERT INTO ARBITRU
VALUES(36, 6, 'George Gaman', 0, 0, 1, 0);

INSERT INTO ARBITRU
VALUES(37, 6, 'Sorin Andrei Antonie', 0, 0, 1, 0);

INSERT INTO ARBITRU
VALUES(38, 6, 'Iulian Dima', 0, 0, 1, 0);

INSERT INTO ARBITRU
VALUES(39, 7, 'Rui Costa', 1, 0, 0, 1);

INSERT INTO ARBITRU
VALUES(40, 7, 'Luís Godinho', 1, 1, 0, 0);

INSERT INTO ARBITRU
VALUES(41, 7, 'Joao Pinheiro', 0, 1, 0, 0);

INSERT INTO ARBITRU
VALUES(42, 7, 'Manuel Oliveira', 0, 1, 0, 1);

INSERT INTO ARBITRU
VALUES(43, 7, 'Manuel Mota', 0, 0, 1, 0);

INSERT INTO ARBITRU
VALUES(44, 7, 'Joao Goncalves', 0, 0, 1, 0);

INSERT INTO STADION
VALUES(1, 1, 'Etihad Stadium', 53400, 'natural');

INSERT INTO STADION
VALUES(2, 1, 'Wembley Stadium', 90000, 'natural');

INSERT INTO STADION
VALUES(3, 1, 'Old Trafford', 74140, 'natural');

INSERT INTO STADION
VALUES(4, 1, 'Anfield', 53394, 'natural');

INSERT INTO STADION
VALUES(5, 2, 'Signal Iduna Park', 65829, 'natural');

INSERT INTO STADION
VALUES(6, 2, 'Allianz Arena', 70000, 'natural');

INSERT INTO STADION
VALUES(7, 2, 'Volkswagen Arena', 30000, 'mix');

INSERT INTO STADION
VALUES(8, 2, 'Veltins-Arena', 63000, 'natural');

INSERT INTO STADION
VALUES(9, 3, 'Parc des Princes', 47929, 'natural');

INSERT INTO STADION
VALUES(10, 3, 'Parc Olympique Lyonnais', 59186, 'natural');

INSERT INTO STADION
VALUES(11, 3, 'Stade Pierre-Mauroy', 50186, 'natural');

INSERT INTO STADION
VALUES(12, 3, 'Stade Geoffroy-Guichard', 42000, 'sintetic');

INSERT INTO STADION
VALUES(13, 4, 'Camp Nou', 99354, 'natural');

INSERT INTO STADION
VALUES(14, 4, 'Santiago Bernabeu', 81044, 'natural');

INSERT INTO STADION
VALUES(15, 4, 'Ramon Sanchez Pizjuan Stadium', 42714, 'natural');

INSERT INTO STADION
VALUES(16, 4, 'Wanda Metropolitano', 68456, 'natural');

INSERT INTO STADION
VALUES(17, 5, 'San Siro', 80018, 'natural');

INSERT INTO STADION
VALUES(18, 5, 'Allianz Stadium', 41507, 'natural');

INSERT INTO STADION
VALUES(19, 5, 'Stadio Olimpico', 70000, 'natural');

INSERT INTO STADION
VALUES(20, 5, 'Stadio Artemio Franchi', 43147, 'natural');

INSERT INTO STADION
VALUES(21, 6, 'National Arena', 55634, 'natural');

INSERT INTO STADION
VALUES(22, 6, 'Cluj Arena', 30201, 'natural');

INSERT INTO STADION
VALUES(23, 6, 'Stadionul Stefan cel Mare', 15032, 'mix');

INSERT INTO STADION
VALUES(24, 6, 'Stadionul Municipal Buzau', 12000, 'natural');

INSERT INTO STADION
VALUES(25, 7, 'Estadio da Luz', 64642, 'natural');

INSERT INTO STADION
VALUES(26, 7, 'Estadio do Dragao', 50035, 'natural');

INSERT INTO STADION
VALUES(27, 7, 'Estadio Jose Alvalade', 50095, 'natural');

INSERT INTO STADION
VALUES(28, 7, 'Estadio Municipal de Braga', 30286, 'natural');

INSERT INTO LICENȚA
VALUES(1, 'Continental PRO License', 100);

INSERT INTO LICENȚA
VALUES(2, 'Continental A License', 60);

INSERT INTO LICENȚA
VALUES(3, 'Continental B License', 15);

INSERT INTO ANTRENOR
VALUES(1, 'Pep Guardiola', 1, '1971-01-18');

INSERT INTO ANTRENOR
VALUES(2, 'Jurgen Klopp', 1, '1967-06-16');

INSERT INTO ANTRENOR
VALUES(3, 'Thomas Tuchel', 1, '1973-08-29');

INSERT INTO ANTRENOR
VALUES(4, 'Antonio Conte', 1, '1969-07-31');

INSERT INTO ANTRENOR
VALUES(5, 'Mikel Arteta', 1, '1982-03-26');

INSERT INTO ANTRENOR
VALUES(6, 'Ralf Rangnick', 1, '1958-06-29');

INSERT INTO ANTRENOR
VALUES(7, 'David Moyes', 1, '1963-04-25');

INSERT INTO ANTRENOR
VALUES(8, 'Brendan Rodgers', 1, '1973-01-26');

INSERT INTO ANTRENOR
VALUES(9, 'Graham Potter', 1, '1975-05-20');

INSERT INTO ANTRENOR
VALUES(10, 'Bruno Lage', 1, '1976-05-12');

INSERT INTO ANTRENOR
VALUES(11, 'Eddie Howe', 1, '1977-11-29');

INSERT INTO ANTRENOR
VALUES(12, 'Patrick Vieira', 1, '1976-06-23');

INSERT INTO ANTRENOR
VALUES(13, 'Thomas Frank', 1, '1973-10-09');

INSERT INTO ANTRENOR
VALUES(14, 'Steven Gerrard', 1, '1980-05-30');

INSERT INTO ANTRENOR
VALUES(15, 'Ralph Hasenhuttl', 1, '1967-08-09');

INSERT INTO ANTRENOR
VALUES(16, 'Frank Lampard', 1, '1978-06-20');

INSERT INTO ANTRENOR
VALUES(17, 'Jesse Marsch', 1, '1973-11-08');

INSERT INTO ANTRENOR
VALUES(18, 'Sean Dyche', 1, '1971-06-28');

INSERT INTO ANTRENOR
VALUES(19, 'Rob Edwards', 1, '1982-12-25');

INSERT INTO ANTRENOR
VALUES(20, 'Dean Smith', 1, '1971-03-19');

INSERT INTO ANTRENOR
VALUES(21, 'Marco Silva', 1, '1977-07-12');

INSERT INTO ANTRENOR
VALUES(22, 'Parker Scott', 1, '1980-10-13');

INSERT INTO ANTRENOR
VALUES(23, 'Corberan Carlos', 1, '1983-04-07');

INSERT INTO ANTRENOR
VALUES(24, 'Cooper Steven', 1, '1979-12-10');

INSERT INTO ANTRENOR
VALUES(25, 'Paul Heckingbottom', 1, '1977-07-17');

INSERT INTO ANTRENOR
VALUES(26, 'Jones Nathan', 1, '1973-05-28');

INSERT INTO ANTRENOR
VALUES(27, 'Wilder Chris', 1, '1967-09-23');

INSERT INTO ANTRENOR
VALUES(28, 'Mowbray Tony', 1, '1963-11-22');

INSERT INTO ANTRENOR
VALUES(29, 'Rowett Gary', 1, '1974-03-06');

INSERT INTO ANTRENOR
VALUES(30, 'Bruce Steve', 1, '1960-12-31');

INSERT INTO ANTRENOR
VALUES(31, 'Warburton Mark', 1, '1962-09-06');

INSERT INTO ANTRENOR
VALUES(32, 'Robins Mark', 1, '1969-12-22');

INSERT INTO ANTRENOR
VALUES(33, 'Lowe Ryan', 1, '1978-09-18');

INSERT INTO ANTRENOR
VALUES(34, 'O`Neill Michael', 1, '1969-07-05');

INSERT INTO ANTRENOR
VALUES(35, 'Martin Russell', 1, '1986-01-04');

INSERT INTO ANTRENOR
VALUES(36, 'Critchley Neil', 1, '1978-10-18');

INSERT INTO ANTRENOR
VALUES(37, 'Pearson Nigel', 1, '1963-08-21');

INSERT INTO ANTRENOR
VALUES(38, 'Morison Steve', 1, '1983-08-29');

INSERT INTO ANTRENOR
VALUES(39, 'Arveladze Shota', 1, '1973-02-22');

INSERT INTO ANTRENOR
VALUES(40, 'Bowyer Lee', 1, '1977-01-03');

INSERT INTO ANTRENOR
VALUES(41, 'Ince Paul', 1, '1967-10-21');

INSERT INTO ANTRENOR
VALUES(42, 'McCann Grant', 1, '1980-04-14');

INSERT INTO ANTRENOR
VALUES(43, 'Rooney Wayne', 1, '1985-10-24');

INSERT INTO ANTRENOR
VALUES(44, 'Devaney Martin', 1, '1980-06-01');

INSERT INTO ANTRENOR
VALUES(45, 'Marco Rose', 1, '1976-09-11');

INSERT INTO ANTRENOR
VALUES(46, 'Julian Nagelsmann', 1, '1987-07-23');

INSERT INTO ANTRENOR
VALUES(47, 'Seoane Gerardo', 1, '1978-10-30');

INSERT INTO ANTRENOR
VALUES(48, 'Tedesco Domenico', 1, '1985-09-12');

INSERT INTO ANTRENOR
VALUES(49, 'Fischer Urs', 1, '1966-02-20');

INSERT INTO ANTRENOR
VALUES(50, 'Streich Christian', 1, '1965-06-11');

INSERT INTO ANTRENOR
VALUES(51, 'Baumgart Steffen', 1, '1972-01-05');

INSERT INTO ANTRENOR
VALUES(52, 'Svensson Bo', 1, '1979-08-04');

INSERT INTO ANTRENOR
VALUES(53, 'Hoeness Sebastian', 1, '1982-05-12');

INSERT INTO ANTRENOR
VALUES(54, 'Hutter Adi', 1, '1970-11-02');

INSERT INTO ANTRENOR
VALUES(55, 'Glasner Oliver', 1, '1974-08-28');

INSERT INTO ANTRENOR
VALUES(56, 'Kovac Niko', 1, '1971-10-15');

INSERT INTO ANTRENOR
VALUES(57, 'Thomas Reis', 1, '1973-10-04');

INSERT INTO ANTRENOR
VALUES(58, 'Weinzierl Markus', 1, '1974-12-28');

INSERT INTO ANTRENOR
VALUES(59, 'Matarazzo Pellegrino', 1, '1977-11-28');

INSERT INTO ANTRENOR
VALUES(60, 'Magath Felix', 1, '1953-07-26');

INSERT INTO ANTRENOR
VALUES(61, 'Kostmann Marco', 1, '1966-04-12');

INSERT INTO ANTRENOR
VALUES(62, 'Leitl Stefan', 1, '1977-08-29');

INSERT INTO ANTRENOR
VALUES(63, 'Mauricio Pochettino', 1, '1972-03-02');

INSERT INTO ANTRENOR
VALUES(64, 'Desio Jorge', 1, '1968-07-16');

INSERT INTO ANTRENOR
VALUES(65, 'Clement Philippe', 1, '1974-03-22');

INSERT INTO ANTRENOR
VALUES(66, 'Genesio Bruno', 1, '1966-09-01');

INSERT INTO ANTRENOR
VALUES(67, 'Galtier Christophe', 1, '1966-08-28');

INSERT INTO ANTRENOR
VALUES(68, 'Stephan Julien', 1, '1980-09-18');

INSERT INTO ANTRENOR
VALUES(69, 'Haise Franck', 1, '1971-04-15');

INSERT INTO ANTRENOR
VALUES(70, 'Bosz Peter', 1, '1963-11-21');

INSERT INTO ANTRENOR
VALUES(71, 'Kombouare Antoine', 1, '1963-11-16');

INSERT INTO ANTRENOR
VALUES(72, 'Gourvennec Jocelyn', 1, '1972-03-22');

INSERT INTO ANTRENOR
VALUES(73, 'Der Zakarian Michel', 1, '1963-02-18');

INSERT INTO ANTRENOR
VALUES(74, 'Garcia Junyent Oscar', 1, '1973-04-26');

INSERT INTO ANTRENOR
VALUES(75, 'Dall`Oglio Olivier', 1, '1964-05-16');

INSERT INTO ANTRENOR
VALUES(76, 'Baticle Gerald', 1, '1969-10-10');

INSERT INTO ANTRENOR
VALUES(77, 'Irles Bruno', 1, '1975-08-16');

INSERT INTO ANTRENOR
VALUES(78, 'Christophe Pelissier', 1, '1965-10-05');

INSERT INTO ANTRENOR
VALUES(79, 'Gastien Pascal', 1, '1963-12-02');

INSERT INTO ANTRENOR
VALUES(80, 'Dupraz Pascal', 1, '1962-09-19');

INSERT INTO ANTRENOR
VALUES(81, 'Frederic Antonetti', 1, '1961-08-19');

INSERT INTO ANTRENOR
VALUES(82, 'David Guion', 1, '1967-09-30');

INSERT INTO ANTRENOR
VALUES(83, 'Ancelotti Carlo', 1, '1959-06-10');

INSERT INTO ANTRENOR
VALUES(84, 'Xavi', 1, '1980-01-25');

INSERT INTO ANTRENOR
VALUES(85, 'Simeone Diego', 1, '1970-04-28');

INSERT INTO ANTRENOR
VALUES(86, 'Lopetegui Julen', 1, '1966-08-28');

INSERT INTO ANTRENOR
VALUES(87, 'Pellegrini Manuel', 1, '1953-09-16');

INSERT INTO ANTRENOR
VALUES(88, 'Alguacil Imanol', 1, '1971-07-04');

INSERT INTO ANTRENOR
VALUES(89, 'Emery Unai', 1, '1971-11-03');

INSERT INTO ANTRENOR
VALUES(90, 'Marcelino', 1, '1965-08-14');

INSERT INTO ANTRENOR
VALUES(91, 'Bordalas Jimenez Jose', 1, '1964-03-05');

INSERT INTO ANTRENOR
VALUES(92, 'Jagoba Arrasate', 1, '1978-04-22');

INSERT INTO ANTRENOR
VALUES(93, 'Coudet Eduardo', 1, '1974-09-12');

INSERT INTO ANTRENOR
VALUES(94, 'Iraola Andoni', 1, '1982-06-22');

INSERT INTO ANTRENOR
VALUES(95, 'Rodriguez Francisco', 1, '1978-06-17');

INSERT INTO ANTRENOR
VALUES(96, 'Blanco Luis', 1, '1978-05-31');

INSERT INTO ANTRENOR
VALUES(97, 'Flores Quique', 1, '1965-02-05');

INSERT INTO ANTRENOR
VALUES(98, 'Aguirre Javier', 1, '1958-12-01');

INSERT INTO ANTRENOR
VALUES(99, 'Sergio', 1, '1976-11-10');

INSERT INTO ANTRENOR
VALUES(100, 'Karanka Aitor', 1, '1973-08-18');

INSERT INTO ANTRENOR
VALUES(101, 'Lisci Alessio', 1, '1985-04-04');

INSERT INTO ANTRENOR
VALUES(102, 'Velazquez Julio', 1, '1981-05-10');

INSERT INTO ANTRENOR
VALUES(103, 'Pioli Stefano', 1, '1965-10-19');

INSERT INTO ANTRENOR
VALUES(104, 'Inzaghi Simone', 1, '1976-04-05');

INSERT INTO ANTRENOR
VALUES(105, 'Spalletti Luciano', 1, '1959-03-07');

INSERT INTO ANTRENOR
VALUES(106, 'Allegri Massimiliano', 1, '1967-08-11');

INSERT INTO ANTRENOR
VALUES(107, 'Sarri Maurizio', 1, '1959-01-10');

INSERT INTO ANTRENOR
VALUES(108, 'Mourinho Jose', 1, '1963-01-26');

INSERT INTO ANTRENOR
VALUES(109, 'Italiano Vincenzo', 1, '1977-12-10');

INSERT INTO ANTRENOR
VALUES(110, 'Gasperini Gian Piero', 1, '1958-01-26');

INSERT INTO ANTRENOR
VALUES(111, 'Tudor Igor', 1, '1978-04-16');

INSERT INTO ANTRENOR
VALUES(112, 'Juric Ivan', 1, '1975-08-25');

INSERT INTO ANTRENOR
VALUES(113, 'Dionisi Alessio', 1, '1980-04-01');

INSERT INTO ANTRENOR
VALUES(114, 'Cioffi Gabriele', 1, '1975-09-30');

INSERT INTO ANTRENOR
VALUES(115, 'Mihajlovic Sinisa', 1, '1969-02-20');

INSERT INTO ANTRENOR
VALUES(116, 'Andreazzoli Aurelio', 1, '1953-11-05');

INSERT INTO ANTRENOR
VALUES(117, 'Giampaolo Marco', 1, '1967-08-02');

INSERT INTO ANTRENOR
VALUES(118, 'Motta Thiago', 1, '1982-08-28');

INSERT INTO ANTRENOR
VALUES(119, 'Nicola Davide', 1, '1973-03-05');

INSERT INTO ANTRENOR
VALUES(120, 'Agostini Alessandro', 1, '1979-07-23');

INSERT INTO ANTRENOR
VALUES(121, 'Blessin Alexander', 1, '1973-05-28');

INSERT INTO ANTRENOR
VALUES(122, 'Soncin Andrea', 1, '1978-09-05');

INSERT INTO ANTRENOR
VALUES(123, 'Petrescu Dan', 1, '1967-12-22');

INSERT INTO ANTRENOR
VALUES(124, 'Petrea Anton', 1, '1975-03-09');

INSERT INTO ANTRENOR
VALUES(125, 'Reghecampf Laurentiu', 1, '1975-09-19');

INSERT INTO ANTRENOR
VALUES(126, 'Prepelita Andrei', 1, '1985-12-08');

INSERT INTO ANTRENOR
VALUES(127, 'Falina Constantin', 1, '1975-02-18');

INSERT INTO ANTRENOR
VALUES(128, 'Andone Bogdan', 1, '1975-01-07');

INSERT INTO ANTRENOR
VALUES(129, 'Ciobanu Mihai', 1, '1960-05-27');

INSERT INTO ANTRENOR
VALUES(130, 'Badea Ionut', 1, '1975-10-14');

INSERT INTO ANTRENOR
VALUES(131, 'Mutu Adrian', 1, '1979-01-08');

INSERT INTO ANTRENOR
VALUES(132, 'Bergodi Cristiano', 1, '1964-10-14');

INSERT INTO ANTRENOR
VALUES(133, 'Sandoi Emil', 1, '1965-03-01');

INSERT INTO ANTRENOR
VALUES(134, 'Napoli Nicolo', 1, '1962-02-07');

INSERT INTO ANTRENOR
VALUES(135, 'Stoica Marius', 1, '1969-08-23');

INSERT INTO ANTRENOR
VALUES(136, 'Dusan ml. Uhrin', 1, '1967-10-11');

INSERT INTO ANTRENOR
VALUES(137, 'Ene John', 1, '1970-10-10');

INSERT INTO ANTRENOR
VALUES(138, 'Flavius Boroncoi', 1, '1976-06-05');

INSERT INTO ANTRENOR
VALUES(139, 'Constantin Nicolae', 1, '1973-12-09');

INSERT INTO ANTRENOR
VALUES(140, 'Falub Adrian', 1, '1971-09-08');

INSERT INTO ANTRENOR
VALUES(141, 'Maldarasanu Marius Constantin', 1, '1975-04-19');

INSERT INTO ANTRENOR
VALUES(142, 'Ion Ion', 1, '1954-06-21');

INSERT INTO ANTRENOR
VALUES(143, 'Zicu Ianis', 1, '1983-10-23');

INSERT INTO ANTRENOR
VALUES(144, 'Mihalcea Adrian', 1, '1976-05-24');

INSERT INTO ANTRENOR
VALUES(145, 'Valentin Suciu', 1, '1980-09-25');

INSERT INTO ANTRENOR
VALUES(146, 'Cristian Pustai', 1, '1967-10-12');

INSERT INTO ANTRENOR
VALUES(147, 'Dragos Militaru', 2, '1990-03-02');

INSERT INTO ANTRENOR
VALUES(148, 'Maldarasanu Marius', 1, '1975-04-19');

INSERT INTO ANTRENOR
VALUES(149, 'Rada Marian', 1, '1960-05-14');

INSERT INTO ANTRENOR
VALUES(150, 'Fabian Florin', 1, '1976-06-04');

INSERT INTO ANTRENOR
VALUES(151, 'Tanase Viorel', 1, '1970-10-07');

INSERT INTO ANTRENOR
VALUES(152, 'Beza Eugen', 1, '1978-07-01');

INSERT INTO ANTRENOR
VALUES(153, 'Nimeni Nimenescu', 1, '1971-01-01');

INSERT INTO ANTRENOR
VALUES(154, 'Calin Moldovan', 1, '1967-08-08');

INSERT INTO ANTRENOR
VALUES(155, 'Leonard Strizu', 1, '1967-08-26');

INSERT INTO ANTRENOR
VALUES(156, 'Pustai Cristian', 1, '1965-05-05');

INSERT INTO ANTRENOR
VALUES(157, 'Laurentiu Ivan', 1, '1979-06-08');

INSERT INTO ANTRENOR
VALUES(158, 'Radu Alexandru', 1, '1978-08-09');

INSERT INTO ANTRENOR
VALUES(159, 'Conceicao Sergio', 1, '1974-11-15');

INSERT INTO ANTRENOR
VALUES(160, 'Amorim Ruben', 1, '1985-01-27');

INSERT INTO ANTRENOR
VALUES(161, 'Verissimo Nelson', 1, '1977-04-17');

INSERT INTO ANTRENOR
VALUES(162, 'Carvalhal Carlos', 1, '1965-12-04');

INSERT INTO ANTRENOR
VALUES(163, 'Soares Ricardo', 1, '1974-11-11');

INSERT INTO ANTRENOR
VALUES(164, 'Pepa', 1, '1980-12-14');

INSERT INTO ANTRENOR
VALUES(165, 'Silva Mario', 1, '1977-04-24');

INSERT INTO ANTRENOR
VALUES(166, 'Silva Rui', 1, '1977-03-14');

INSERT INTO ANTRENOR
VALUES(167, 'Pinheiro Bruno', 1, '1976-10-30');

INSERT INTO ANTRENOR
VALUES(168, 'Seabra Vasco', 1, '1983-09-15');

INSERT INTO ANTRENOR
VALUES(169, 'Peixoto Cesar', 1, '1980-05-12');

INSERT INTO ANTRENOR
VALUES(170, 'Petit', 1, '1976-09-25');

INSERT INTO ANTRENOR
VALUES(171, 'Paulo Sergio', 1, '1968-02-19');

INSERT INTO ANTRENOR
VALUES(172, 'Pacheco Alvaro', 1, '1971-07-25');

INSERT INTO ANTRENOR
VALUES(173, 'Evangelista Armando', 1, '1973-11-03');

INSERT INTO ANTRENOR
VALUES(174, 'Sa Pinto Ricardo', 1, '1972-10-10');

INSERT INTO ANTRENOR
VALUES(175, 'Campos Nuno', 1, '1975-04-20');

INSERT INTO ANTRENOR
VALUES(176, 'Candido Filipe', 1, '1978-08-09');

INSERT INTO ECHIPA
VALUES(1, 1, 'Manchester City', 1880, 36, 1);

INSERT INTO ECHIPA
VALUES(2, 1, 'Liverpool FC', 1892, 70, 2);

INSERT INTO ECHIPA
VALUES(3, 1, 'Manchester United', 1902, 68, 3);

INSERT INTO ECHIPA
VALUES(4, 1, 'Arsenal FC', 1886, 48, 4);

INSERT INTO ECHIPA
VALUES(5, 1, 'FC Chelsea', 1905, 36, 5);

INSERT INTO ECHIPA
VALUES(6, 1, 'Tottenham Hotspur FC', 1882, 26, 6);

INSERT INTO ECHIPA
VALUES(7, 1, 'West Ham United', 1895, 8, 7);

INSERT INTO ECHIPA
VALUES(8, 1, 'Leicester City FC', 1884, 15, 8);

INSERT INTO ECHIPA
VALUES(9, 1, 'Brighton and Hove Albion FC', 1901, 5, 9);

INSERT INTO ECHIPA
VALUES(10, 1, 'Wolverhampton Wanderers FC', 1877, 24, 10);

INSERT INTO ECHIPA
VALUES(11, 1, 'Newcastle United FC', 1892, 20, 11);

INSERT INTO ECHIPA
VALUES(12, 1, 'Crystal Palace FC', 1905, 4, 12);

INSERT INTO ECHIPA
VALUES(13, 1, 'Brentford FC', 1889, 3, 13);

INSERT INTO ECHIPA
VALUES(14, 1, 'Aston Villa FC', 1874, 27, 14);

INSERT INTO ECHIPA
VALUES(15, 1, 'Southampton', 1885, 5, 15);

INSERT INTO ECHIPA
VALUES(16, 1, 'Everton FC', 1878, 19, 16);

INSERT INTO ECHIPA
VALUES(17, 1, 'Leeds United FC', 1919, 13, 17);

INSERT INTO ECHIPA
VALUES(18, 1, 'Burnley FC', 1882, 10, 18);

INSERT INTO ECHIPA
VALUES(19, 1, 'Watford FC', 1881, 3, 19);

INSERT INTO ECHIPA
VALUES(20, 1, 'Norwich City FC', 1902, 9, 20);

INSERT INTO ECHIPA
VALUES(21, 2, 'Fulham FC', 1879, 6, 21);

INSERT INTO ECHIPA
VALUES(22, 2, 'AFC Bournemouth', 1899, 3, 22);

INSERT INTO ECHIPA
VALUES(23, 2, 'Huddersfield Town AFC', 1908, 7, 23);

INSERT INTO ECHIPA
VALUES(24, 2, 'Nottingham Forrest FC', 1865, 18, 24);

INSERT INTO ECHIPA
VALUES(25, 2, 'Shefield United FC', 1889, 10, 25);

INSERT INTO ECHIPA
VALUES(26, 2, 'Luton Town FC', 1885, 7, 26);

INSERT INTO ECHIPA
VALUES(27, 2, 'Middlesbrough FC', 1876, 8, 27);

INSERT INTO ECHIPA
VALUES(28, 2, 'Blackburn Rovers FC', 1875, 14, 28);

INSERT INTO ECHIPA
VALUES(29, 2, 'Millwall', 1885, 6, 29);

INSERT INTO ECHIPA
VALUES(30, 2, 'West Bromwich Albion FC', 1878, 10, 30);

INSERT INTO ECHIPA
VALUES(31, 2, 'Queens Park Rangers FC', 1882, 5, 31);

INSERT INTO ECHIPA
VALUES(32, 2, 'Coventry City FC', 1883, 3, 32);

INSERT INTO ECHIPA
VALUES(33, 2, 'Preston North End FC', 1880, 10, 33);

INSERT INTO ECHIPA
VALUES(34, 2, 'Stoke City FC', 1863, 5, 34);

INSERT INTO ECHIPA
VALUES(35, 2, 'Swansea FC', 1912, 17, 35);

INSERT INTO ECHIPA
VALUES(36, 2, 'Blackpool FC', 1887, 2, 36);

INSERT INTO ECHIPA
VALUES(37, 2, 'Bristol City FC', 1894, 9, 37);

INSERT INTO ECHIPA
VALUES(38, 2, 'Cardiff City FC', 1899, 26, 38);

INSERT INTO ECHIPA
VALUES(39, 2, 'Hull City AFC', 1904, 4, 39);

INSERT INTO ECHIPA
VALUES(40, 2, 'Birmingham City', 1875, 7, 40);

INSERT INTO ECHIPA
VALUES(41, 2, 'Reading FC', 1871, 6, 41);

INSERT INTO ECHIPA
VALUES(42, 2, 'Peterborough United FC', 1934, 8, 42);

INSERT INTO ECHIPA
VALUES(43, 2, 'Derby County FC', 1884, 8, 43);

INSERT INTO ECHIPA
VALUES(44, 2, 'Barnsley FC', 1887, 5, 44);

INSERT INTO ECHIPA
VALUES(45, 3, 'Borussia Dortmund', 1909, 22, 45);

INSERT INTO ECHIPA
VALUES(46, 3, 'FC Bayern Munchen', 1900, 81, 46);

INSERT INTO ECHIPA
VALUES(47, 3, 'Bayer 04 Leverkusen', 1904, 3, 47);

INSERT INTO ECHIPA
VALUES(48, 3, 'RB Leipzig', 2009, 4, 48);

INSERT INTO ECHIPA
VALUES(49, 3, '1. FC Union Berlin', 1966, 1, 49);

INSERT INTO ECHIPA
VALUES(50, 3, 'SC Freiburg', 1904, 4, 50);

INSERT INTO ECHIPA
VALUES(51, 3, '1. FC Koeln', 1948, 11, 51);

INSERT INTO ECHIPA
VALUES(52, 3, '1. FSV Mainz 05', 1905, 0, 52);

INSERT INTO ECHIPA
VALUES(53, 3, 'TSG 1899 Hoffenheim', 1899, 4, 53);

INSERT INTO ECHIPA
VALUES(54, 3, 'Borussia Moenchengladbach', 1900, 1, 54);

INSERT INTO ECHIPA
VALUES(55, 3, 'Eintracht Frankfurt', 1899, 10, 55);

INSERT INTO ECHIPA
VALUES(56, 3, 'VfL Wolfsburg', 1945, 3, 56);

INSERT INTO ECHIPA
VALUES(57, 3, 'VfL Bochum', 1848, 4, 57);

INSERT INTO ECHIPA
VALUES(58, 3, 'FC Augsburg', 1907, 0, 58);

INSERT INTO ECHIPA
VALUES(59, 3, 'VfB Stuttgart', 1893, 12, 59);

INSERT INTO ECHIPA
VALUES(60, 3, 'Hertha BSC', 1892, 7, 60);

INSERT INTO ECHIPA
VALUES(61, 3, 'DSC Arminia Bielefeld', 1905, 5, 61);

INSERT INTO ECHIPA
VALUES(62, 3, 'SpVgg Greuther Furth', 1903, 4, 62);

INSERT INTO ECHIPA
VALUES(63, 4, 'Paris Saint-Germain FC', 1970, 46, 63);

INSERT INTO ECHIPA
VALUES(64, 4, 'Olympique de Marseille', 1899, 28, 64);

INSERT INTO ECHIPA
VALUES(65, 4, 'AS Monaco FC', 1924, 20, 65);

INSERT INTO ECHIPA
VALUES(66, 4, 'Stade Rennais FC', 1901, 7, 66);

INSERT INTO ECHIPA
VALUES(67, 4, 'OGC Nice', 1904, 14, 67);

INSERT INTO ECHIPA
VALUES(68, 4, 'RC Strasbourg Alsace', 1906, 13, 68);

INSERT INTO ECHIPA
VALUES(69, 4, 'RC Lens', 1906, 15, 69);

INSERT INTO ECHIPA
VALUES(70, 4, 'Olympique Lyonnais', 1899, 25, 70);

INSERT INTO ECHIPA
VALUES(71, 4, 'FC Nantes', 1943, 16, 71);

INSERT INTO ECHIPA
VALUES(72, 4, 'Lille OSC', 1944, 16, 72);

INSERT INTO ECHIPA
VALUES(73, 4, 'Stade Brestois 29', 1903, 1, 73);

INSERT INTO ECHIPA
VALUES(74, 4, 'Stade de Reims', 1931, 12, 74);

INSERT INTO ECHIPA
VALUES(75, 4, 'Montpellier HSC', 1919, 8, 75);

INSERT INTO ECHIPA
VALUES(76, 4, 'Angers SCO', 1919, 0, 76);

INSERT INTO ECHIPA
VALUES(77, 4, 'ES Troyes AC', 1986, 3, 77);

INSERT INTO ECHIPA
VALUES(78, 4, 'FC Lorient', 1926, 2, 78);

INSERT INTO ECHIPA
VALUES(79, 4, 'Clermont Foot 63', 1911, 0, 79);

INSERT INTO ECHIPA
VALUES(80, 4, 'AS Saint-Etienne', 1919, 27, 80);

INSERT INTO ECHIPA
VALUES(81, 4, 'FC Metz', 1932, 8, 81);

INSERT INTO ECHIPA
VALUES(82, 4, 'FC Girodins de Bordeaux', 1881, 21, 82);

INSERT INTO ECHIPA
VALUES(83, 5, 'Real Madrid CF', 1902 , 95, 83);

INSERT INTO ECHIPA
VALUES(84, 5, 'FC Barcelona', 1899 , 95, 84);

INSERT INTO ECHIPA
VALUES(85, 5, 'Club Atletico de Madrid', 1903 , 33, 85);

INSERT INTO ECHIPA
VALUES(86, 5, 'Sevilla FC', 1890 , 18, 86);

INSERT INTO ECHIPA
VALUES(87, 5, 'Real Betis Balompie', 1902 , 13, 87);

INSERT INTO ECHIPA
VALUES(88, 5, 'Real Sociedad de Futbol', 1909 , 9, 88);

INSERT INTO ECHIPA
VALUES(89, 5, 'Villareal CF', 1923 , 4, 89);

INSERT INTO ECHIPA
VALUES(90, 5, 'Atheltic Bilbao', 1898, 34, 90);

INSERT INTO ECHIPA
VALUES(91, 5, 'Valencia CF', 1919, 23, 91);

INSERT INTO ECHIPA
VALUES(92, 5, 'CA Osasuna', 1920 , 11, 92);

INSERT INTO ECHIPA
VALUES(93, 5, 'RC Celta Vigo', 1923 , 6, 93);

INSERT INTO ECHIPA
VALUES(94, 5, 'Rayo Vallecano', 1924 , 5, 94);

INSERT INTO ECHIPA
VALUES(95, 5, 'Elche FC', 1923 , 2, 95);

INSERT INTO ECHIPA
VALUES(96, 5, 'RCD Espanyol', 1900 , 18, 96);

INSERT INTO ECHIPA
VALUES(97, 5, 'Getafe CF', 1983 , 1, 97);

INSERT INTO ECHIPA
VALUES(98, 5, 'RCD Mallorca', 1916 , 6, 98);

INSERT INTO ECHIPA
VALUES(99, 5, 'Cadiz CF', 1910 , 1, 99);

INSERT INTO ECHIPA
VALUES(100, 5, 'Granada CF', 1931 , 9, 100);

INSERT INTO ECHIPA
VALUES(101, 5, 'Levante UD', 1909 , 15, 101);

INSERT INTO ECHIPA
VALUES(102, 5, 'Deportivo Alaves', 1921 , 15, 102);

INSERT INTO ECHIPA
VALUES(103, 6, 'AC Milan', 1899, 61, 103);

INSERT INTO ECHIPA
VALUES(104, 6, 'FC Internazionale Milano', 1908, 42, 104);

INSERT INTO ECHIPA
VALUES(105, 6, 'SSC Napoli', 1926, 12, 105);

INSERT INTO ECHIPA
VALUES(106, 6, 'Juventus Torino', 1897, 70, 106);

INSERT INTO ECHIPA
VALUES(107, 6, 'SS Lazio', 1900, 17, 107);

INSERT INTO ECHIPA
VALUES(108, 6, 'AS Roma', 1927, 16, 108);

INSERT INTO ECHIPA
VALUES(109, 6, 'ACF Fiorentina', 1926, 13, 109);

INSERT INTO ECHIPA
VALUES(110, 6, 'Atalanta BC', 1907, 7, 110);

INSERT INTO ECHIPA
VALUES(111, 6, 'Hellas Verona FC', 1903, 4, 111);

INSERT INTO ECHIPA
VALUES(112, 6, 'Torino FC', 1906, 15, 112);

INSERT INTO ECHIPA
VALUES(113, 6, 'US Sassuolo Calcio', 1920, 2, 113);

INSERT INTO ECHIPA
VALUES(114, 6, 'Udinese Calcio', 1896, 5, 114);

INSERT INTO ECHIPA
VALUES(115, 6, 'Bologna FC 1909', 1909, 12, 115);

INSERT INTO ECHIPA
VALUES(116, 6, 'Empoli FC', 1920, 3, 116);

INSERT INTO ECHIPA
VALUES(117, 6, 'UC Sampdoria', 1946, 8, 117);

INSERT INTO ECHIPA
VALUES(118, 6, 'Spezia Calcio', 1906, 1, 118);

INSERT INTO ECHIPA
VALUES(119, 6, 'US Salernitana 1919', 1919, 2, 119);

INSERT INTO ECHIPA
VALUES(120, 6, 'Cagliari Calcio', 1920, 2, 120);

INSERT INTO ECHIPA
VALUES(121, 6, 'Genoa CFC', 1893, 16, 121);

INSERT INTO ECHIPA
VALUES(122, 6, 'Venezia FC', 1907, 3, 122);

INSERT INTO ECHIPA
VALUES(123, 7, 'CFR 1907 Cluj', 1907, 25, 123);

INSERT INTO ECHIPA
VALUES(124, 7, 'FCSB', 1947, 59, 124);

INSERT INTO ECHIPA
VALUES(125, 7, 'Universitatea Craiova', 1948, 15, 125);

INSERT INTO ECHIPA
VALUES(126, 7, 'ACSC FC Arges Pitesti', 1953, 7, 126);

INSERT INTO ECHIPA
VALUES(127, 7, 'SSC Farul Constanta', 1920, 6, 127);

INSERT INTO ECHIPA
VALUES(128, 7, 'FC Voluntari', 2010, 4, 128);

INSERT INTO ECHIPA
VALUES(129, 7, 'FC Botosani', 2001, 2, 129);

INSERT INTO ECHIPA
VALUES(130, 7, 'FC UTA Arad', 1945, 12, 130);

INSERT INTO ECHIPA
VALUES(131, 7, 'FC Rapid Bucuresti', 1923, 29, 131);

INSERT INTO ECHIPA
VALUES(132, 7, 'ASC Sepsi OSK Sfantul Gheorghe', 2011, 2, 132);

INSERT INTO ECHIPA
VALUES(133, 7, 'AFC Chindia Targoviste', 2010, 6, 133);

INSERT INTO ECHIPA
VALUES(134, 7, 'FCU Craiova 1948', 1948, 4, 134);

INSERT INTO ECHIPA
VALUES(135, 7, 'CS Mioveni', 2000, 1, 135);

INSERT INTO ECHIPA
VALUES(136, 7, 'FC Dinamo Bucuresti', 1948, 34, 136);

INSERT INTO ECHIPA
VALUES(137, 7, 'FC Academica Clinceni', 2005, 1, 137);

INSERT INTO ECHIPA
VALUES(138, 7, 'CS Gaz Metan Medias', 1945, 5, 138);

INSERT INTO ECHIPA
VALUES(139, 8, 'FC Petrolul Ploiesti', 1924, 17, 139);

INSERT INTO ECHIPA
VALUES(140, 8, 'FC Universitatea Cluj', 1919, 9, 140);

INSERT INTO ECHIPA
VALUES(141, 8, 'FC Hermannstadt', 2015, 1, 141);

INSERT INTO ECHIPA
VALUES(142, 8, 'CSA Steaua Bucuresti', 1947, 0, 142);

INSERT INTO ECHIPA
VALUES(143, 8, 'CS Concordia Chiajna', 1957, 1, 143);

INSERT INTO ECHIPA
VALUES(144, 8, 'AFC Unirea Slobozia', 1955, 3, 144);

INSERT INTO ECHIPA
VALUES(145, 8, 'FK Csikszereda Miercurea Ciuc', 1945, 1, 145);

INSERT INTO ECHIPA
VALUES(146, 8, 'FC Buzau', 2016, 1, 146);

INSERT INTO ECHIPA
VALUES(147, 8, 'FC Unirea Dej', 1921, 0, 147);

INSERT INTO ECHIPA
VALUES(148, 8, 'FC Metaloglobus Bucuresti', 1923, 1, 148);

INSERT INTO ECHIPA
VALUES(149, 8, 'FC Politehnica Iasi', 2010, 2, 149);

INSERT INTO ECHIPA
VALUES(150, 8, 'Ripensia Timisoara', 1928, 6, 150);

INSERT INTO ECHIPA
VALUES(151, 8, 'ACS Viitorul Targu-Jiu', 1998, 1, 151);

INSERT INTO ECHIPA
VALUES(152, 8, 'CSC 1599 Selimbar', 2016, 2, 152);

INSERT INTO ECHIPA
VALUES(153, 8, 'FC Politehnica Timisoara', 1921, 12, 153);

INSERT INTO ECHIPA
VALUES(154, 8, 'FC Brasov', 1936, 7, 154);

INSERT INTO ECHIPA
VALUES(155, 8, 'FC Unirea Constanta', 2021, 0, 155);

INSERT INTO ECHIPA
VALUES(156, 8, 'FC Dunarea Calarasi', 1962, 7, 156);

INSERT INTO ECHIPA
VALUES(157, 8, 'Dacia Unirea Braila', 1919, 6, 157);

INSERT INTO ECHIPA
VALUES(158, 8, 'FC Astra Giurgiu', 1921, 6, 158);

INSERT INTO ECHIPA
VALUES(159, 9, 'FC Porto', 1893, 81, 159);

INSERT INTO ECHIPA
VALUES(160, 9, 'Sporting CP', 1906, 55, 160);

INSERT INTO ECHIPA
VALUES(161, 9, 'SL Benfica', 1904, 84, 161);

INSERT INTO ECHIPA
VALUES(162, 9, 'SC Braga', 1921, 9, 162);

INSERT INTO ECHIPA
VALUES(163, 9, 'Gil Vicente FC', 1924, 2, 163);

INSERT INTO ECHIPA
VALUES(164, 9, 'Vitoria de Guimaraes', 1922, 2, 164);

INSERT INTO ECHIPA
VALUES(165, 9, 'CD Santa Clara', 1927, 2, 165);

INSERT INTO ECHIPA
VALUES(166, 9, 'FC Famalicao', 1931, 2, 166);

INSERT INTO ECHIPA
VALUES(167, 9, 'GD Estoril Praia', 1939, 9, 167);

INSERT INTO ECHIPA
VALUES(168, 9, 'CS Maritimo', 1910, 3, 168);

INSERT INTO ECHIPA
VALUES(169, 9, 'FC Pacos de Ferreira', 1950, 5, 169);

INSERT INTO ECHIPA
VALUES(170, 9, 'Boavista FC', 1903, 12, 170);

INSERT INTO ECHIPA
VALUES(171, 9, 'Portimonense SC', 1914, 3, 171);

INSERT INTO ECHIPA
VALUES(172, 9, 'FC Vizela', 1939, 1, 172);

INSERT INTO ECHIPA
VALUES(173, 9, 'FC Arouca', 1951, 2, 173);

INSERT INTO ECHIPA
VALUES(174, 9, 'Moreirense FC', 1938, 5, 174);

INSERT INTO ECHIPA
VALUES(175, 9, 'CD Tondela', 1933, 5, 175);

INSERT INTO ECHIPA
VALUES(176, 9, 'CF Os Belenenses', 1919, 10, 176);

INSERT INTO STATISTICI_INDIVIDUALE
VALUES(1, 2, 1, 3, 2);

INSERT INTO STATISTICI_INDIVIDUALE
VALUES(2, 0, 29, 5, 2);

INSERT INTO STATISTICI_INDIVIDUALE
VALUES(3, 39, 32, 0, 1);

INSERT INTO STATISTICI_INDIVIDUALE
VALUES(4, 30, 36, 1, 3);

INSERT INTO STATISTICI_INDIVIDUALE
VALUES(5, 0, 0, 5, 2);

INSERT INTO STATISTICI_INDIVIDUALE
VALUES(6, 17, 25, 4, 1);

INSERT INTO STATISTICI_INDIVIDUALE
VALUES(7, 14, 18, 1, 3);

INSERT INTO STATISTICI_INDIVIDUALE
VALUES(8, 1, 14, 6, 1);

INSERT INTO STATISTICI_INDIVIDUALE
VALUES(9, 2, 3, 3, 1);

INSERT INTO STATISTICI_INDIVIDUALE
VALUES(10, 25, 27, 6, 2);

INSERT INTO STATISTICI_INDIVIDUALE
VALUES(11, 16, 15, 3, 0);

INSERT INTO STATISTICI_INDIVIDUALE
VALUES(12, 6, 10, 5, 3);

INSERT INTO STATISTICI_INDIVIDUALE
VALUES(13, 0, 1, 0, 2);

INSERT INTO STATISTICI_INDIVIDUALE
VALUES(14, 19, 25, 6, 1);

INSERT INTO STATISTICI_INDIVIDUALE
VALUES(15, 6, 32, 2, 2);

INSERT INTO STATISTICI_INDIVIDUALE
VALUES(16, 15, 4, 0, 0);

INSERT INTO STATISTICI_INDIVIDUALE
VALUES(17, 2, 3, 3, 2);

INSERT INTO STATISTICI_INDIVIDUALE
VALUES(18, 6, 29, 4, 2);

INSERT INTO STATISTICI_INDIVIDUALE
VALUES(19, 26, 16, 1, 3);

INSERT INTO STATISTICI_INDIVIDUALE
VALUES(20, 38, 25, 1, 0);

INSERT INTO STATISTICI_INDIVIDUALE
VALUES(21, 2, 2, 3, 3);

INSERT INTO STATISTICI_INDIVIDUALE
VALUES(22, 8, 29, 4, 0);

INSERT INTO STATISTICI_INDIVIDUALE
VALUES(23, 36, 25, 3, 3);

INSERT INTO STATISTICI_INDIVIDUALE
VALUES(24, 19, 13, 1, 1);

INSERT INTO STATISTICI_INDIVIDUALE
VALUES(25, 2, 1, 1, 1);

INSERT INTO STATISTICI_INDIVIDUALE
VALUES(26, 21, 1, 4, 2);

INSERT INTO STATISTICI_INDIVIDUALE
VALUES(27, 0, 0, 4, 3);

INSERT INTO STATISTICI_INDIVIDUALE
VALUES(28, 29, 33, 4, 2);

INSERT INTO STATISTICI_INDIVIDUALE
VALUES(29, 2, 2, 5, 2);

INSERT INTO STATISTICI_INDIVIDUALE
VALUES(30, 6, 14, 4, 2);

INSERT INTO STATISTICI_INDIVIDUALE
VALUES(31, 39, 2, 5, 0);

INSERT INTO STATISTICI_INDIVIDUALE
VALUES(32, 23, 20, 3, 1);

INSERT INTO STATISTICI_INDIVIDUALE
VALUES(33, 2, 3, 6, 0);

INSERT INTO STATISTICI_INDIVIDUALE
VALUES(34, 19, 26, 6, 2);

INSERT INTO STATISTICI_INDIVIDUALE
VALUES(35, 9, 6, 6, 2);

INSERT INTO STATISTICI_INDIVIDUALE
VALUES(36, 3, 30, 0, 0);

INSERT INTO STATISTICI_INDIVIDUALE
VALUES(37, 1, 1, 2, 2);

INSERT INTO STATISTICI_INDIVIDUALE
VALUES(38, 30, 19, 0, 0);

INSERT INTO STATISTICI_INDIVIDUALE
VALUES(39, 18, 26, 4, 2);

INSERT INTO STATISTICI_INDIVIDUALE
VALUES(40, 17, 17, 5, 3);

INSERT INTO STATISTICI_INDIVIDUALE
VALUES(41, 0, 2, 3, 0);

INSERT INTO STATISTICI_INDIVIDUALE
VALUES(42, 32, 11, 1, 3);

INSERT INTO STATISTICI_INDIVIDUALE
VALUES(43, 0, 9, 0, 2);

INSERT INTO STATISTICI_INDIVIDUALE
VALUES(44, 31, 36, 0, 3);

INSERT INTO STATISTICI_INDIVIDUALE
VALUES(45, 2, 0, 2, 1);

INSERT INTO STATISTICI_INDIVIDUALE
VALUES(46, 0, 20, 3, 1);

INSERT INTO STATISTICI_INDIVIDUALE
VALUES(47, 7, 15, 1, 3);

INSERT INTO STATISTICI_INDIVIDUALE
VALUES(48, 21, 28, 2, 1);

INSERT INTO STATISTICI_INDIVIDUALE
VALUES(49, 2, 3, 5, 0);

INSERT INTO STATISTICI_INDIVIDUALE
VALUES(50, 7, 15, 1, 0);

INSERT INTO STATISTICI_INDIVIDUALE
VALUES(51, 18, 26, 5, 1);

INSERT INTO STATISTICI_INDIVIDUALE
VALUES(52, 21, 21, 4, 0);

INSERT INTO STATISTICI_INDIVIDUALE
VALUES(53, 0, 3, 2, 2);

INSERT INTO STATISTICI_INDIVIDUALE
VALUES(54, 28, 38, 3, 0);

INSERT INTO STATISTICI_INDIVIDUALE
VALUES(55, 23, 6, 4, 2);

INSERT INTO STATISTICI_INDIVIDUALE
VALUES(56, 22, 10, 6, 2);

INSERT INTO STATISTICI_INDIVIDUALE
VALUES(57, 0, 1, 3, 1);

INSERT INTO STATISTICI_INDIVIDUALE
VALUES(58, 5, 0, 2, 3);

INSERT INTO STATISTICI_INDIVIDUALE
VALUES(59, 24, 32, 3, 1);

INSERT INTO STATISTICI_INDIVIDUALE
VALUES(60, 37, 39, 5, 3);

INSERT INTO STATISTICI_INDIVIDUALE
VALUES(61, 0, 2, 0, 2);

INSERT INTO STATISTICI_INDIVIDUALE
VALUES(62, 17, 23, 3, 1);

INSERT INTO STATISTICI_INDIVIDUALE
VALUES(63, 38, 11, 3, 2);

INSERT INTO STATISTICI_INDIVIDUALE
VALUES(64, 2, 33, 1, 1);

INSERT INTO STATISTICI_INDIVIDUALE
VALUES(65, 0, 2, 2, 1);

INSERT INTO STATISTICI_INDIVIDUALE
VALUES(66, 5, 30, 3, 1);

INSERT INTO STATISTICI_INDIVIDUALE
VALUES(67, 17, 17, 2, 0);

INSERT INTO STATISTICI_INDIVIDUALE
VALUES(68, 18, 23, 4, 2);

INSERT INTO STATISTICI_INDIVIDUALE
VALUES(69, 0, 1, 1, 0);

INSERT INTO STATISTICI_INDIVIDUALE
VALUES(70, 6, 1, 1, 1);

INSERT INTO STATISTICI_INDIVIDUALE
VALUES(71, 5, 20, 2, 1);

INSERT INTO STATISTICI_INDIVIDUALE
VALUES(72, 8, 21, 2, 0);

INSERT INTO STATISTICI_INDIVIDUALE
VALUES(73, 0, 2, 1, 2);

INSERT INTO STATISTICI_INDIVIDUALE
VALUES(74, 12, 4, 6, 0);

INSERT INTO STATISTICI_INDIVIDUALE
VALUES(75, 24, 32, 0, 2);

INSERT INTO STATISTICI_INDIVIDUALE
VALUES(76, 31, 26, 3, 3);

INSERT INTO STATISTICI_INDIVIDUALE
VALUES(77, 2, 0, 5, 1);

INSERT INTO STATISTICI_INDIVIDUALE
VALUES(78, 13, 31, 4, 3);

INSERT INTO STATISTICI_INDIVIDUALE
VALUES(79, 3, 39, 2, 2);

INSERT INTO STATISTICI_INDIVIDUALE
VALUES(80, 8, 33, 6, 1);

INSERT INTO STATISTICI_INDIVIDUALE
VALUES(81, 0, 3, 1, 2);

INSERT INTO STATISTICI_INDIVIDUALE
VALUES(82, 14, 25, 2, 3);

INSERT INTO STATISTICI_INDIVIDUALE
VALUES(83, 5, 16, 0, 2);

INSERT INTO STATISTICI_INDIVIDUALE
VALUES(84, 5, 15, 6, 0);

INSERT INTO STATISTICI_INDIVIDUALE
VALUES(85, 0, 2, 3, 3);

INSERT INTO STATISTICI_INDIVIDUALE
VALUES(86, 39, 13, 4, 3);

INSERT INTO STATISTICI_INDIVIDUALE
VALUES(87, 14, 32, 0, 0);

INSERT INTO STATISTICI_INDIVIDUALE
VALUES(88, 10, 22, 5, 1);

INSERT INTO STATISTICI_INDIVIDUALE
VALUES(89, 2, 2, 6, 1);

INSERT INTO STATISTICI_INDIVIDUALE
VALUES(90, 37, 3, 6, 1);

INSERT INTO STATISTICI_INDIVIDUALE
VALUES(91, 40, 4, 1, 2);

INSERT INTO STATISTICI_INDIVIDUALE
VALUES(92, 15, 38, 5, 3);

INSERT INTO STATISTICI_INDIVIDUALE
VALUES(93, 1, 3, 0, 1);

INSERT INTO STATISTICI_INDIVIDUALE
VALUES(94, 13, 20, 5, 0);

INSERT INTO STATISTICI_INDIVIDUALE
VALUES(95, 16, 32, 5, 2);

INSERT INTO STATISTICI_INDIVIDUALE
VALUES(96, 24, 0, 4, 2);

INSERT INTO STATISTICI_INDIVIDUALE
VALUES(97, 0, 0, 3, 3);

INSERT INTO STATISTICI_INDIVIDUALE
VALUES(98, 21, 16, 6, 1);

INSERT INTO STATISTICI_INDIVIDUALE
VALUES(99, 4, 17, 4, 1);

INSERT INTO STATISTICI_INDIVIDUALE
VALUES(100, 25, 11, 1, 3);

INSERT INTO STATISTICI_INDIVIDUALE
VALUES(101, 1, 0, 2, 3);

INSERT INTO STATISTICI_INDIVIDUALE
VALUES(102, 11, 2, 3, 2);

INSERT INTO STATISTICI_INDIVIDUALE
VALUES(103, 30, 6, 4, 3);

INSERT INTO STATISTICI_INDIVIDUALE
VALUES(104, 37, 32, 5, 0);

INSERT INTO STATISTICI_INDIVIDUALE
VALUES(105, 2, 3, 2, 2);

INSERT INTO STATISTICI_INDIVIDUALE
VALUES(106, 36, 11, 0, 2);

INSERT INTO STATISTICI_INDIVIDUALE
VALUES(107, 9, 12, 4, 0);

INSERT INTO STATISTICI_INDIVIDUALE
VALUES(108, 8, 19, 4, 0);

INSERT INTO STATISTICI_INDIVIDUALE
VALUES(109, 0, 3, 5, 3);

INSERT INTO STATISTICI_INDIVIDUALE
VALUES(110, 31, 34, 2, 2);

INSERT INTO STATISTICI_INDIVIDUALE
VALUES(111, 14, 24, 6, 3);

INSERT INTO STATISTICI_INDIVIDUALE
VALUES(112, 19, 13, 0, 1);

INSERT INTO STATISTICI_INDIVIDUALE
VALUES(113, 0, 1, 5, 0);

INSERT INTO STATISTICI_INDIVIDUALE
VALUES(114, 9, 19, 2, 1);

INSERT INTO STATISTICI_INDIVIDUALE
VALUES(115, 27, 3, 2, 3);

INSERT INTO STATISTICI_INDIVIDUALE
VALUES(116, 27, 5, 2, 3);

INSERT INTO STATISTICI_INDIVIDUALE
VALUES(117, 1, 1, 0, 0);

INSERT INTO STATISTICI_INDIVIDUALE
VALUES(118, 26, 39, 0, 2);

INSERT INTO STATISTICI_INDIVIDUALE
VALUES(119, 21, 7, 1, 1);

INSERT INTO STATISTICI_INDIVIDUALE
VALUES(120, 28, 27, 3, 0);

INSERT INTO STATISTICI_INDIVIDUALE
VALUES(121, 2, 1, 4, 0);

INSERT INTO STATISTICI_INDIVIDUALE
VALUES(122, 20, 30, 3, 2);

INSERT INTO STATISTICI_INDIVIDUALE
VALUES(123, 4, 27, 3, 2);

INSERT INTO STATISTICI_INDIVIDUALE
VALUES(124, 38, 35, 1, 0);

INSERT INTO STATISTICI_INDIVIDUALE
VALUES(125, 0, 2, 6, 3);

INSERT INTO STATISTICI_INDIVIDUALE
VALUES(126, 35, 14, 0, 3);

INSERT INTO STATISTICI_INDIVIDUALE
VALUES(127, 3, 5, 4, 3);

INSERT INTO STATISTICI_INDIVIDUALE
VALUES(128, 14, 25, 1, 1);

INSERT INTO STATISTICI_INDIVIDUALE
VALUES(129, 0, 2, 6, 1);

INSERT INTO STATISTICI_INDIVIDUALE
VALUES(130, 17, 35, 4, 3);

INSERT INTO STATISTICI_INDIVIDUALE
VALUES(131, 23, 28, 2, 1);

INSERT INTO STATISTICI_INDIVIDUALE
VALUES(132, 35, 32, 4, 3);

INSERT INTO STATISTICI_INDIVIDUALE
VALUES(133, 0, 3, 3, 0);

INSERT INTO STATISTICI_INDIVIDUALE
VALUES(134, 36, 37, 4, 3);

INSERT INTO STATISTICI_INDIVIDUALE
VALUES(135, 31, 6, 6, 0);

INSERT INTO STATISTICI_INDIVIDUALE
VALUES(136, 28, 0, 2, 0);

INSERT INTO STATISTICI_INDIVIDUALE
VALUES(137, 0, 0, 2, 3);

INSERT INTO STATISTICI_INDIVIDUALE
VALUES(138, 34, 20, 0, 0);

INSERT INTO STATISTICI_INDIVIDUALE
VALUES(139, 23, 28, 5, 1);

INSERT INTO STATISTICI_INDIVIDUALE
VALUES(140, 11, 12, 4, 2);

INSERT INTO STATISTICI_INDIVIDUALE
VALUES(141, 0, 0, 6, 1);

INSERT INTO STATISTICI_INDIVIDUALE
VALUES(142, 2, 20, 4, 0);

INSERT INTO STATISTICI_INDIVIDUALE
VALUES(143, 29, 22, 1, 3);

INSERT INTO STATISTICI_INDIVIDUALE
VALUES(144, 14, 19, 2, 0);

INSERT INTO STATISTICI_INDIVIDUALE
VALUES(145, 1, 2, 1, 1);

INSERT INTO STATISTICI_INDIVIDUALE
VALUES(146, 8, 16, 2, 2);

INSERT INTO STATISTICI_INDIVIDUALE
VALUES(147, 20, 12, 6, 0);

INSERT INTO STATISTICI_INDIVIDUALE
VALUES(148, 1, 11, 4, 1);

INSERT INTO STATISTICI_INDIVIDUALE
VALUES(149, 1, 1, 5, 3);

INSERT INTO STATISTICI_INDIVIDUALE
VALUES(150, 9, 5, 5, 1);

INSERT INTO STATISTICI_INDIVIDUALE
VALUES(151, 11, 7, 1, 1);

INSERT INTO STATISTICI_INDIVIDUALE
VALUES(152, 23, 6, 6, 0);

INSERT INTO STATISTICI_INDIVIDUALE
VALUES(153, 0, 2, 4, 2);

INSERT INTO STATISTICI_INDIVIDUALE
VALUES(154, 19, 25, 6, 3);

INSERT INTO STATISTICI_INDIVIDUALE
VALUES(155, 21, 35, 5, 2);

INSERT INTO STATISTICI_INDIVIDUALE
VALUES(156, 20, 2, 0, 3);

INSERT INTO STATISTICI_INDIVIDUALE
VALUES(157, 2, 2, 6, 2);

INSERT INTO STATISTICI_INDIVIDUALE
VALUES(158, 23, 34, 1, 2);

INSERT INTO STATISTICI_INDIVIDUALE
VALUES(159, 35, 18, 1, 2);

INSERT INTO STATISTICI_INDIVIDUALE
VALUES(160, 22, 36, 3, 1);

INSERT INTO STATISTICI_INDIVIDUALE
VALUES(161, 2, 0, 3, 1);

INSERT INTO STATISTICI_INDIVIDUALE
VALUES(162, 37, 18, 1, 0);

INSERT INTO STATISTICI_INDIVIDUALE
VALUES(163, 1, 8, 3, 2);

INSERT INTO STATISTICI_INDIVIDUALE
VALUES(164, 9, 35, 2, 3);

INSERT INTO STATISTICI_INDIVIDUALE
VALUES(165, 2, 1, 3, 3);

INSERT INTO STATISTICI_INDIVIDUALE
VALUES(166, 38, 14, 2, 2);

INSERT INTO STATISTICI_INDIVIDUALE
VALUES(167, 11, 34, 5, 3);

INSERT INTO STATISTICI_INDIVIDUALE
VALUES(168, 16, 3, 1, 0);

INSERT INTO STATISTICI_INDIVIDUALE
VALUES(169, 0, 1, 0, 3);

INSERT INTO STATISTICI_INDIVIDUALE
VALUES(170, 26, 22, 1, 0);

INSERT INTO STATISTICI_INDIVIDUALE
VALUES(171, 8, 34, 0, 0);

INSERT INTO STATISTICI_INDIVIDUALE
VALUES(172, 18, 27, 4, 1);

INSERT INTO STATISTICI_INDIVIDUALE
VALUES(173, 0, 1, 2, 1);

INSERT INTO STATISTICI_INDIVIDUALE
VALUES(174, 26, 35, 0, 3);

INSERT INTO STATISTICI_INDIVIDUALE
VALUES(175, 8, 12, 1, 1);

INSERT INTO STATISTICI_INDIVIDUALE
VALUES(176, 2, 15, 4, 3);

INSERT INTO STATISTICI_INDIVIDUALE
VALUES(177, 0, 1, 6, 3);

INSERT INTO STATISTICI_INDIVIDUALE
VALUES(178, 33, 15, 3, 3);

INSERT INTO STATISTICI_INDIVIDUALE
VALUES(179, 1, 13, 2, 0);

INSERT INTO STATISTICI_INDIVIDUALE
VALUES(180, 13, 6, 4, 0);

INSERT INTO STATISTICI_INDIVIDUALE
VALUES(181, 0, 3, 4, 1);

INSERT INTO STATISTICI_INDIVIDUALE
VALUES(182, 21, 2, 2, 2);

INSERT INTO STATISTICI_INDIVIDUALE
VALUES(183, 29, 40, 3, 2);

INSERT INTO STATISTICI_INDIVIDUALE
VALUES(184, 0, 27, 4, 3);

INSERT INTO STATISTICI_INDIVIDUALE
VALUES(185, 0, 2, 5, 0);

INSERT INTO STATISTICI_INDIVIDUALE
VALUES(186, 25, 29, 0, 1);

INSERT INTO STATISTICI_INDIVIDUALE
VALUES(187, 36, 35, 3, 1);

INSERT INTO STATISTICI_INDIVIDUALE
VALUES(188, 31, 22, 0, 2);

INSERT INTO STATISTICI_INDIVIDUALE
VALUES(189, 1, 3, 1, 0);

INSERT INTO STATISTICI_INDIVIDUALE
VALUES(190, 36, 7, 6, 0);

INSERT INTO STATISTICI_INDIVIDUALE
VALUES(191, 35, 11, 5, 0);

INSERT INTO STATISTICI_INDIVIDUALE
VALUES(192, 38, 1, 5, 3);

INSERT INTO STATISTICI_INDIVIDUALE
VALUES(193, 0, 0, 1, 2);

INSERT INTO STATISTICI_INDIVIDUALE
VALUES(194, 8, 21, 5, 1);

INSERT INTO STATISTICI_INDIVIDUALE
VALUES(195, 7, 6, 1, 1);

INSERT INTO STATISTICI_INDIVIDUALE
VALUES(196, 1, 7, 5, 1);

INSERT INTO STATISTICI_INDIVIDUALE
VALUES(197, 2, 3, 0, 3);

INSERT INTO STATISTICI_INDIVIDUALE
VALUES(198, 38, 21, 2, 2);

INSERT INTO STATISTICI_INDIVIDUALE
VALUES(199, 12, 9, 1, 0);

INSERT INTO STATISTICI_INDIVIDUALE
VALUES(200, 9, 22, 1, 0);

INSERT INTO STATISTICI_INDIVIDUALE
VALUES(201, 1, 2, 1, 2);

INSERT INTO STATISTICI_INDIVIDUALE
VALUES(202, 27, 37, 4, 0);

INSERT INTO STATISTICI_INDIVIDUALE
VALUES(203, 31, 30, 4, 1);

INSERT INTO STATISTICI_INDIVIDUALE
VALUES(204, 10, 34, 6, 1);

INSERT INTO STATISTICI_INDIVIDUALE
VALUES(205, 0, 2, 4, 3);

INSERT INTO STATISTICI_INDIVIDUALE
VALUES(206, 35, 24, 2, 0);

INSERT INTO STATISTICI_INDIVIDUALE
VALUES(207, 19, 37, 6, 2);

INSERT INTO STATISTICI_INDIVIDUALE
VALUES(208, 38, 39, 6, 2);

INSERT INTO STATISTICI_INDIVIDUALE
VALUES(209, 0, 0, 3, 0);

INSERT INTO STATISTICI_INDIVIDUALE
VALUES(210, 33, 3, 5, 2);

INSERT INTO STATISTICI_INDIVIDUALE
VALUES(211, 17, 9, 4, 2);

INSERT INTO STATISTICI_INDIVIDUALE
VALUES(212, 24, 27, 6, 0);

INSERT INTO STATISTICI_INDIVIDUALE
VALUES(213, 1, 3, 2, 3);

INSERT INTO STATISTICI_INDIVIDUALE
VALUES(214, 32, 24, 1, 1);

INSERT INTO STATISTICI_INDIVIDUALE
VALUES(215, 28, 1, 2, 0);

INSERT INTO STATISTICI_INDIVIDUALE
VALUES(216, 34, 15, 6, 1);

INSERT INTO STATISTICI_INDIVIDUALE
VALUES(217, 0, 2, 2, 2);

INSERT INTO STATISTICI_INDIVIDUALE
VALUES(218, 23, 9, 5, 3);

INSERT INTO STATISTICI_INDIVIDUALE
VALUES(219, 21, 21, 6, 3);

INSERT INTO STATISTICI_INDIVIDUALE
VALUES(220, 22, 25, 3, 0);

INSERT INTO STATISTICI_INDIVIDUALE
VALUES(221, 2, 2, 5, 0);

INSERT INTO STATISTICI_INDIVIDUALE
VALUES(222, 13, 16, 0, 2);

INSERT INTO STATISTICI_INDIVIDUALE
VALUES(223, 39, 38, 3, 1);

INSERT INTO STATISTICI_INDIVIDUALE
VALUES(224, 20, 32, 3, 3);

INSERT INTO STATISTICI_INDIVIDUALE
VALUES(225, 1, 0, 0, 1);

INSERT INTO STATISTICI_INDIVIDUALE
VALUES(226, 15, 35, 3, 0);

INSERT INTO STATISTICI_INDIVIDUALE
VALUES(227, 19, 28, 0, 2);

INSERT INTO STATISTICI_INDIVIDUALE
VALUES(228, 40, 15, 1, 0);

INSERT INTO STATISTICI_INDIVIDUALE
VALUES(229, 0, 2, 6, 0);

INSERT INTO STATISTICI_INDIVIDUALE
VALUES(230, 18, 10, 5, 3);

INSERT INTO STATISTICI_INDIVIDUALE
VALUES(231, 32, 22, 4, 0);

INSERT INTO STATISTICI_INDIVIDUALE
VALUES(232, 33, 29, 0, 3);

INSERT INTO STATISTICI_INDIVIDUALE
VALUES(233, 2, 3, 2, 0);

INSERT INTO STATISTICI_INDIVIDUALE
VALUES(234, 0, 32, 2, 1);

INSERT INTO STATISTICI_INDIVIDUALE
VALUES(235, 27, 26, 6, 1);

INSERT INTO STATISTICI_INDIVIDUALE
VALUES(236, 10, 25, 2, 3);

INSERT INTO STATISTICI_INDIVIDUALE
VALUES(237, 1, 1, 6, 0);

INSERT INTO STATISTICI_INDIVIDUALE
VALUES(238, 34, 21, 2, 0);

INSERT INTO STATISTICI_INDIVIDUALE
VALUES(239, 32, 38, 0, 0);

INSERT INTO STATISTICI_INDIVIDUALE
VALUES(240, 29, 38, 4, 1);

INSERT INTO STATISTICI_INDIVIDUALE
VALUES(241, 0, 1, 4, 2);

INSERT INTO STATISTICI_INDIVIDUALE
VALUES(242, 24, 1, 6, 1);

INSERT INTO STATISTICI_INDIVIDUALE
VALUES(243, 38, 7, 6, 0);

INSERT INTO STATISTICI_INDIVIDUALE
VALUES(244, 39, 29, 0, 2);

INSERT INTO STATISTICI_INDIVIDUALE
VALUES(245, 1, 3, 3, 0);

INSERT INTO STATISTICI_INDIVIDUALE
VALUES(246, 12, 25, 2, 0);

INSERT INTO STATISTICI_INDIVIDUALE
VALUES(247, 21, 8, 6, 1);

INSERT INTO STATISTICI_INDIVIDUALE
VALUES(248, 32, 13, 2, 3);

INSERT INTO STATISTICI_INDIVIDUALE
VALUES(249, 0, 1, 2, 2);

INSERT INTO STATISTICI_INDIVIDUALE
VALUES(250, 35, 20, 1, 2);

INSERT INTO STATISTICI_INDIVIDUALE
VALUES(251, 13, 18, 3, 2);

INSERT INTO STATISTICI_INDIVIDUALE
VALUES(252, 33, 30, 4, 0);

INSERT INTO STATISTICI_INDIVIDUALE
VALUES(253, 1, 3, 2, 0);

INSERT INTO STATISTICI_INDIVIDUALE
VALUES(254, 0, 21, 1, 0);

INSERT INTO STATISTICI_INDIVIDUALE
VALUES(255, 18, 30, 2, 2);

INSERT INTO STATISTICI_INDIVIDUALE
VALUES(256, 32, 6, 0, 1);

INSERT INTO STATISTICI_INDIVIDUALE
VALUES(257, 0, 3, 6, 1);

INSERT INTO STATISTICI_INDIVIDUALE
VALUES(258, 14, 17, 1, 0);

INSERT INTO STATISTICI_INDIVIDUALE
VALUES(259, 29, 35, 6, 0);

INSERT INTO STATISTICI_INDIVIDUALE
VALUES(260, 22, 30, 0, 1);

INSERT INTO STATISTICI_INDIVIDUALE
VALUES(261, 2, 1, 5, 2);

INSERT INTO STATISTICI_INDIVIDUALE
VALUES(262, 8, 15, 1, 2);

INSERT INTO STATISTICI_INDIVIDUALE
VALUES(263, 30, 0, 0, 2);

INSERT INTO STATISTICI_INDIVIDUALE
VALUES(264, 17, 3, 1, 3);

INSERT INTO STATISTICI_INDIVIDUALE
VALUES(265, 2, 0, 3, 2);

INSERT INTO STATISTICI_INDIVIDUALE
VALUES(266, 30, 36, 5, 2);

INSERT INTO STATISTICI_INDIVIDUALE
VALUES(267, 8, 6, 0, 0);

INSERT INTO STATISTICI_INDIVIDUALE
VALUES(268, 16, 9, 3, 1);

INSERT INTO STATISTICI_INDIVIDUALE
VALUES(269, 2, 0, 0, 3);

INSERT INTO STATISTICI_INDIVIDUALE
VALUES(270, 23, 19, 0, 1);

INSERT INTO STATISTICI_INDIVIDUALE
VALUES(271, 2, 30, 5, 1);

INSERT INTO STATISTICI_INDIVIDUALE
VALUES(272, 28, 13, 5, 2);

INSERT INTO STATISTICI_INDIVIDUALE
VALUES(273, 1, 2, 4, 3);

INSERT INTO STATISTICI_INDIVIDUALE
VALUES(274, 2, 19, 6, 1);

INSERT INTO STATISTICI_INDIVIDUALE
VALUES(275, 18, 2, 4, 1);

INSERT INTO STATISTICI_INDIVIDUALE
VALUES(276, 0, 1, 1, 1);

INSERT INTO STATISTICI_INDIVIDUALE
VALUES(277, 2, 2, 4, 2);

INSERT INTO STATISTICI_INDIVIDUALE
VALUES(278, 13, 29, 5, 1);

INSERT INTO STATISTICI_INDIVIDUALE
VALUES(279, 38, 8, 3, 0);

INSERT INTO STATISTICI_INDIVIDUALE
VALUES(280, 10, 24, 5, 3);

INSERT INTO STATISTICI_INDIVIDUALE
VALUES(281, 0, 2, 3, 1);

INSERT INTO STATISTICI_INDIVIDUALE
VALUES(282, 10, 15, 5, 0);

INSERT INTO STATISTICI_INDIVIDUALE
VALUES(283, 22, 38, 2, 0);

INSERT INTO STATISTICI_INDIVIDUALE
VALUES(284, 35, 15, 0, 3);

INSERT INTO STATISTICI_INDIVIDUALE
VALUES(285, 1, 2, 0, 0);

INSERT INTO STATISTICI_INDIVIDUALE
VALUES(286, 39, 7, 0, 3);

INSERT INTO STATISTICI_INDIVIDUALE
VALUES(287, 13, 15, 4, 2);

INSERT INTO STATISTICI_INDIVIDUALE
VALUES(288, 1, 19, 0, 3);

INSERT INTO STATISTICI_INDIVIDUALE
VALUES(289, 2, 3, 1, 2);

INSERT INTO STATISTICI_INDIVIDUALE
VALUES(290, 18, 39, 4, 2);

INSERT INTO STATISTICI_INDIVIDUALE
VALUES(291, 19, 14, 5, 3);

INSERT INTO STATISTICI_INDIVIDUALE
VALUES(292, 21, 34, 6, 3);

INSERT INTO STATISTICI_INDIVIDUALE
VALUES(293, 1, 3, 4, 2);

INSERT INTO STATISTICI_INDIVIDUALE
VALUES(294, 6, 21, 2, 1);

INSERT INTO STATISTICI_INDIVIDUALE
VALUES(295, 12, 19, 1, 0);

INSERT INTO STATISTICI_INDIVIDUALE
VALUES(296, 32, 16, 0, 3);

INSERT INTO STATISTICI_INDIVIDUALE
VALUES(297, 1, 0, 2, 1);

INSERT INTO STATISTICI_INDIVIDUALE
VALUES(298, 17, 26, 3, 0);

INSERT INTO STATISTICI_INDIVIDUALE
VALUES(299, 29, 0, 6, 1);

INSERT INTO STATISTICI_INDIVIDUALE
VALUES(300, 29, 10, 4, 3);

INSERT INTO STATISTICI_INDIVIDUALE
VALUES(301, 0, 3, 5, 1);

INSERT INTO STATISTICI_INDIVIDUALE
VALUES(302, 35, 15, 3, 1);

INSERT INTO STATISTICI_INDIVIDUALE
VALUES(303, 35, 17, 0, 2);

INSERT INTO STATISTICI_INDIVIDUALE
VALUES(304, 10, 36, 2, 2);

INSERT INTO STATISTICI_INDIVIDUALE
VALUES(305, 2, 1, 4, 1);

INSERT INTO STATISTICI_INDIVIDUALE
VALUES(306, 18, 31, 4, 0);

INSERT INTO STATISTICI_INDIVIDUALE
VALUES(307, 12, 37, 3, 0);

INSERT INTO STATISTICI_INDIVIDUALE
VALUES(308, 26, 30, 6, 0);

INSERT INTO STATISTICI_INDIVIDUALE
VALUES(309, 2, 2, 0, 1);

INSERT INTO STATISTICI_INDIVIDUALE
VALUES(310, 9, 29, 0, 2);

INSERT INTO STATISTICI_INDIVIDUALE
VALUES(311, 6, 22, 0, 1);

INSERT INTO STATISTICI_INDIVIDUALE
VALUES(312, 16, 4, 0, 3);

INSERT INTO STATISTICI_INDIVIDUALE
VALUES(313, 0, 0, 1, 3);

INSERT INTO STATISTICI_INDIVIDUALE
VALUES(314, 20, 3, 3, 2);

INSERT INTO STATISTICI_INDIVIDUALE
VALUES(315, 35, 36, 5, 2);

INSERT INTO STATISTICI_INDIVIDUALE
VALUES(316, 7, 26, 1, 2);

INSERT INTO STATISTICI_INDIVIDUALE
VALUES(317, 1, 2, 3, 3);

INSERT INTO STATISTICI_INDIVIDUALE
VALUES(318, 19, 30, 0, 1);

INSERT INTO STATISTICI_INDIVIDUALE
VALUES(319, 33, 10, 3, 1);

INSERT INTO STATISTICI_INDIVIDUALE
VALUES(320, 19, 9, 0, 2);

INSERT INTO STATISTICI_INDIVIDUALE
VALUES(321, 0, 3, 6, 3);

INSERT INTO STATISTICI_INDIVIDUALE
VALUES(322, 23, 6, 2, 1);

INSERT INTO STATISTICI_INDIVIDUALE
VALUES(323, 21, 4, 6, 1);

INSERT INTO STATISTICI_INDIVIDUALE
VALUES(324, 27, 14, 2, 2);

INSERT INTO STATISTICI_INDIVIDUALE
VALUES(325, 1, 2, 3, 0);

INSERT INTO STATISTICI_INDIVIDUALE
VALUES(326, 9, 1, 1, 1);

INSERT INTO STATISTICI_INDIVIDUALE
VALUES(327, 22, 31, 6, 1);

INSERT INTO STATISTICI_INDIVIDUALE
VALUES(328, 1, 31, 2, 2);

INSERT INTO STATISTICI_INDIVIDUALE
VALUES(329, 2, 0, 6, 2);

INSERT INTO STATISTICI_INDIVIDUALE
VALUES(330, 29, 35, 3, 3);

INSERT INTO STATISTICI_INDIVIDUALE
VALUES(331, 23, 12, 0, 0);

INSERT INTO STATISTICI_INDIVIDUALE
VALUES(332, 27, 21, 6, 0);

INSERT INTO STATISTICI_INDIVIDUALE
VALUES(333, 2, 1, 2, 0);

INSERT INTO STATISTICI_INDIVIDUALE
VALUES(334, 31, 22, 0, 0);

INSERT INTO STATISTICI_INDIVIDUALE
VALUES(335, 38, 19, 0, 2);

INSERT INTO STATISTICI_INDIVIDUALE
VALUES(336, 22, 36, 2, 3);

INSERT INTO STATISTICI_INDIVIDUALE
VALUES(337, 0, 3, 1, 3);

INSERT INTO STATISTICI_INDIVIDUALE
VALUES(338, 17, 9, 2, 2);

INSERT INTO STATISTICI_INDIVIDUALE
VALUES(339, 28, 14, 2, 3);

INSERT INTO STATISTICI_INDIVIDUALE
VALUES(340, 8, 9, 1, 1);

INSERT INTO STATISTICI_INDIVIDUALE
VALUES(341, 0, 0, 5, 0);

INSERT INTO STATISTICI_INDIVIDUALE
VALUES(342, 31, 35, 5, 1);

INSERT INTO STATISTICI_INDIVIDUALE
VALUES(343, 3, 22, 6, 0);

INSERT INTO STATISTICI_INDIVIDUALE
VALUES(344, 15, 1, 3, 2);

INSERT INTO STATISTICI_INDIVIDUALE
VALUES(345, 2, 2, 3, 2);

INSERT INTO STATISTICI_INDIVIDUALE
VALUES(346, 15, 37, 1, 1);

INSERT INTO STATISTICI_INDIVIDUALE
VALUES(347, 38, 35, 0, 0);

INSERT INTO STATISTICI_INDIVIDUALE
VALUES(348, 22, 7, 5, 2);

INSERT INTO STATISTICI_INDIVIDUALE
VALUES(349, 2, 3, 1, 0);

INSERT INTO STATISTICI_INDIVIDUALE
VALUES(350, 34, 7, 5, 0);

INSERT INTO STATISTICI_INDIVIDUALE
VALUES(351, 17, 10, 1, 2);

INSERT INTO STATISTICI_INDIVIDUALE
VALUES(352, 37, 37, 1, 0);

INSERT INTO STATISTICI_INDIVIDUALE
VALUES(353, 2, 2, 2, 1);

INSERT INTO STATISTICI_INDIVIDUALE
VALUES(354, 9, 34, 6, 0);

INSERT INTO STATISTICI_INDIVIDUALE
VALUES(355, 2, 31, 2, 1);

INSERT INTO STATISTICI_INDIVIDUALE
VALUES(356, 19, 4, 2, 0);

INSERT INTO STATISTICI_INDIVIDUALE
VALUES(357, 2, 0, 2, 3);

INSERT INTO STATISTICI_INDIVIDUALE
VALUES(358, 35, 24, 2, 2);

INSERT INTO STATISTICI_INDIVIDUALE
VALUES(359, 1, 32, 2, 0);

INSERT INTO STATISTICI_INDIVIDUALE
VALUES(360, 5, 26, 5, 3);

INSERT INTO STATISTICI_INDIVIDUALE
VALUES(361, 0, 0, 6, 0);

INSERT INTO STATISTICI_INDIVIDUALE
VALUES(362, 25, 34, 0, 1);

INSERT INTO STATISTICI_INDIVIDUALE
VALUES(363, 11, 39, 5, 3);

INSERT INTO STATISTICI_INDIVIDUALE
VALUES(364, 15, 10, 2, 3);

INSERT INTO STATISTICI_INDIVIDUALE
VALUES(365, 1, 3, 5, 3);

INSERT INTO STATISTICI_INDIVIDUALE
VALUES(366, 19, 20, 2, 3);

INSERT INTO STATISTICI_INDIVIDUALE
VALUES(367, 35, 14, 0, 1);

INSERT INTO STATISTICI_INDIVIDUALE
VALUES(368, 38, 28, 1, 3);

INSERT INTO STATISTICI_INDIVIDUALE
VALUES(369, 0, 1, 2, 3);

INSERT INTO STATISTICI_INDIVIDUALE
VALUES(370, 16, 2, 6, 1);

INSERT INTO STATISTICI_INDIVIDUALE
VALUES(371, 1, 33, 3, 3);

INSERT INTO STATISTICI_INDIVIDUALE
VALUES(372, 24, 6, 2, 3);

INSERT INTO STATISTICI_INDIVIDUALE
VALUES(373, 0, 1, 6, 1);

INSERT INTO STATISTICI_INDIVIDUALE
VALUES(374, 22, 12, 6, 0);

INSERT INTO STATISTICI_INDIVIDUALE
VALUES(375, 40, 1, 3, 3);

INSERT INTO STATISTICI_INDIVIDUALE
VALUES(376, 39, 36, 4, 0);

INSERT INTO STATISTICI_INDIVIDUALE
VALUES(377, 1, 1, 0, 3);

INSERT INTO STATISTICI_INDIVIDUALE
VALUES(378, 0, 4, 5, 3);

INSERT INTO STATISTICI_INDIVIDUALE
VALUES(379, 28, 15, 5, 3);

INSERT INTO STATISTICI_INDIVIDUALE
VALUES(380, 9, 24, 5, 0);

INSERT INTO STATISTICI_INDIVIDUALE
VALUES(381, 0, 0, 2, 0);

INSERT INTO STATISTICI_INDIVIDUALE
VALUES(382, 35, 16, 6, 1);

INSERT INTO STATISTICI_INDIVIDUALE
VALUES(383, 10, 27, 2, 2);

INSERT INTO STATISTICI_INDIVIDUALE
VALUES(384, 34, 30, 2, 3);

INSERT INTO STATISTICI_INDIVIDUALE
VALUES(385, 2, 2, 2, 3);

INSERT INTO STATISTICI_INDIVIDUALE
VALUES(386, 3, 27, 3, 1);

INSERT INTO STATISTICI_INDIVIDUALE
VALUES(387, 30, 26, 3, 3);

INSERT INTO STATISTICI_INDIVIDUALE
VALUES(388, 25, 23, 0, 1);

INSERT INTO STATISTICI_INDIVIDUALE
VALUES(389, 2, 2, 1, 1);

INSERT INTO STATISTICI_INDIVIDUALE
VALUES(390, 10, 28, 4, 2);

INSERT INTO STATISTICI_INDIVIDUALE
VALUES(391, 7, 27, 2, 1);

INSERT INTO STATISTICI_INDIVIDUALE
VALUES(392, 39, 13, 1, 1);

INSERT INTO STATISTICI_INDIVIDUALE
VALUES(393, 0, 1, 4, 0);

INSERT INTO STATISTICI_INDIVIDUALE
VALUES(394, 31, 16, 3, 2);

INSERT INTO STATISTICI_INDIVIDUALE
VALUES(395, 14, 34, 0, 3);

INSERT INTO STATISTICI_INDIVIDUALE
VALUES(396, 39, 27, 1, 3);

INSERT INTO STATISTICI_INDIVIDUALE
VALUES(397, 1, 3, 1, 1);

INSERT INTO STATISTICI_INDIVIDUALE
VALUES(398, 7, 34, 2, 1);

INSERT INTO STATISTICI_INDIVIDUALE
VALUES(399, 4, 2, 4, 0);

INSERT INTO STATISTICI_INDIVIDUALE
VALUES(400, 11, 39, 3, 2);

INSERT INTO STATISTICI_INDIVIDUALE
VALUES(401, 1, 2, 6, 2);

INSERT INTO STATISTICI_INDIVIDUALE
VALUES(402, 25, 23, 1, 3);

INSERT INTO STATISTICI_INDIVIDUALE
VALUES(403, 29, 28, 0, 1);

INSERT INTO STATISTICI_INDIVIDUALE
VALUES(404, 12, 38, 3, 3);

INSERT INTO STATISTICI_INDIVIDUALE
VALUES(405, 1, 1, 1, 3);

INSERT INTO STATISTICI_INDIVIDUALE
VALUES(406, 14, 21, 0, 2);

INSERT INTO STATISTICI_INDIVIDUALE
VALUES(407, 1, 24, 2, 3);

INSERT INTO STATISTICI_INDIVIDUALE
VALUES(408, 30, 33, 0, 0);

INSERT INTO STATISTICI_INDIVIDUALE
VALUES(409, 0, 1, 6, 2);

INSERT INTO STATISTICI_INDIVIDUALE
VALUES(410, 32, 38, 2, 1);

INSERT INTO STATISTICI_INDIVIDUALE
VALUES(411, 12, 1, 5, 0);

INSERT INTO STATISTICI_INDIVIDUALE
VALUES(412, 3, 0, 6, 2);

INSERT INTO STATISTICI_INDIVIDUALE
VALUES(413, 0, 0, 5, 1);

INSERT INTO STATISTICI_INDIVIDUALE
VALUES(414, 9, 15, 0, 2);

INSERT INTO STATISTICI_INDIVIDUALE
VALUES(415, 12, 25, 1, 3);

INSERT INTO STATISTICI_INDIVIDUALE
VALUES(416, 13, 25, 3, 1);

INSERT INTO STATISTICI_INDIVIDUALE
VALUES(417, 0, 3, 4, 2);

INSERT INTO STATISTICI_INDIVIDUALE
VALUES(418, 11, 36, 5, 2);

INSERT INTO STATISTICI_INDIVIDUALE
VALUES(419, 36, 34, 5, 3);

INSERT INTO STATISTICI_INDIVIDUALE
VALUES(420, 15, 36, 6, 2);

INSERT INTO STATISTICI_INDIVIDUALE
VALUES(421, 2, 2, 0, 0);

INSERT INTO STATISTICI_INDIVIDUALE
VALUES(422, 1, 19, 3, 1);

INSERT INTO STATISTICI_INDIVIDUALE
VALUES(423, 9, 1, 6, 2);

INSERT INTO STATISTICI_INDIVIDUALE
VALUES(424, 24, 35, 6, 2);

INSERT INTO STATISTICI_INDIVIDUALE
VALUES(425, 2, 0, 4, 3);

INSERT INTO STATISTICI_INDIVIDUALE
VALUES(426, 17, 14, 4, 2);

INSERT INTO STATISTICI_INDIVIDUALE
VALUES(427, 4, 32, 0, 2);

INSERT INTO STATISTICI_INDIVIDUALE
VALUES(428, 14, 30, 2, 2);

INSERT INTO STATISTICI_INDIVIDUALE
VALUES(429, 0, 0, 4, 0);

INSERT INTO STATISTICI_INDIVIDUALE
VALUES(430, 37, 24, 1, 0);

INSERT INTO STATISTICI_INDIVIDUALE
VALUES(431, 23, 1, 5, 3);

INSERT INTO STATISTICI_INDIVIDUALE
VALUES(432, 27, 30, 0, 0);

INSERT INTO STATISTICI_INDIVIDUALE
VALUES(433, 0, 3, 0, 3);

INSERT INTO STATISTICI_INDIVIDUALE
VALUES(434, 11, 26, 2, 3);

INSERT INTO STATISTICI_INDIVIDUALE
VALUES(435, 27, 35, 3, 3);

INSERT INTO STATISTICI_INDIVIDUALE
VALUES(436, 15, 9, 6, 2);

INSERT INTO STATISTICI_INDIVIDUALE
VALUES(437, 2, 2, 4, 3);

INSERT INTO STATISTICI_INDIVIDUALE
VALUES(438, 34, 28, 0, 1);

INSERT INTO STATISTICI_INDIVIDUALE
VALUES(439, 12, 29, 1, 1);

INSERT INTO STATISTICI_INDIVIDUALE
VALUES(440, 25, 16, 3, 3);

INSERT INTO STATISTICI_INDIVIDUALE
VALUES(441, 0, 2, 1, 3);

INSERT INTO STATISTICI_INDIVIDUALE
VALUES(442, 9, 23, 6, 3);

INSERT INTO STATISTICI_INDIVIDUALE
VALUES(443, 37, 12, 4, 1);

INSERT INTO STATISTICI_INDIVIDUALE
VALUES(444, 9, 19, 3, 3);

INSERT INTO STATISTICI_INDIVIDUALE
VALUES(445, 0, 3, 0, 2);

INSERT INTO STATISTICI_INDIVIDUALE
VALUES(446, 12, 16, 1, 3);

INSERT INTO STATISTICI_INDIVIDUALE
VALUES(447, 27, 0, 2, 1);

INSERT INTO STATISTICI_INDIVIDUALE
VALUES(448, 9, 38, 4, 2);

INSERT INTO STATISTICI_INDIVIDUALE
VALUES(449, 0, 0, 0, 0);

INSERT INTO STATISTICI_INDIVIDUALE
VALUES(450, 39, 31, 4, 2);

INSERT INTO STATISTICI_INDIVIDUALE
VALUES(451, 15, 0, 6, 3);

INSERT INTO STATISTICI_INDIVIDUALE
VALUES(452, 4, 36, 2, 1);

INSERT INTO STATISTICI_INDIVIDUALE
VALUES(453, 0, 2, 5, 1);

INSERT INTO STATISTICI_INDIVIDUALE
VALUES(454, 13, 16, 6, 3);

INSERT INTO STATISTICI_INDIVIDUALE
VALUES(455, 8, 24, 5, 3);

INSERT INTO STATISTICI_INDIVIDUALE
VALUES(456, 26, 7, 6, 1);

INSERT INTO STATISTICI_INDIVIDUALE
VALUES(457, 2, 1, 3, 0);

INSERT INTO STATISTICI_INDIVIDUALE
VALUES(458, 1, 1, 5, 2);

INSERT INTO STATISTICI_INDIVIDUALE
VALUES(459, 15, 2, 6, 3);

INSERT INTO STATISTICI_INDIVIDUALE
VALUES(460, 6, 24, 0, 1);

INSERT INTO STATISTICI_INDIVIDUALE
VALUES(461, 0, 1, 2, 0);

INSERT INTO STATISTICI_INDIVIDUALE
VALUES(462, 19, 36, 5, 3);

INSERT INTO STATISTICI_INDIVIDUALE
VALUES(463, 4, 28, 3, 1);

INSERT INTO STATISTICI_INDIVIDUALE
VALUES(464, 16, 1, 6, 3);

INSERT INTO STATISTICI_INDIVIDUALE
VALUES(465, 2, 1, 5, 3);

INSERT INTO STATISTICI_INDIVIDUALE
VALUES(466, 11, 26, 0, 1);

INSERT INTO STATISTICI_INDIVIDUALE
VALUES(467, 19, 10, 3, 1);

INSERT INTO STATISTICI_INDIVIDUALE
VALUES(468, 15, 16, 6, 2);

INSERT INTO STATISTICI_INDIVIDUALE
VALUES(469, 0, 1, 3, 2);

INSERT INTO STATISTICI_INDIVIDUALE
VALUES(470, 28, 17, 3, 0);

INSERT INTO STATISTICI_INDIVIDUALE
VALUES(471, 37, 17, 1, 2);

INSERT INTO STATISTICI_INDIVIDUALE
VALUES(472, 0, 37, 3, 2);

INSERT INTO STATISTICI_INDIVIDUALE
VALUES(473, 0, 0, 2, 2);

INSERT INTO STATISTICI_INDIVIDUALE
VALUES(474, 39, 8, 5, 3);

INSERT INTO STATISTICI_INDIVIDUALE
VALUES(475, 27, 7, 4, 3);

INSERT INTO STATISTICI_INDIVIDUALE
VALUES(476, 32, 39, 6, 2);

INSERT INTO STATISTICI_INDIVIDUALE
VALUES(477, 0, 0, 2, 1);

INSERT INTO STATISTICI_INDIVIDUALE
VALUES(478, 27, 29, 6, 1);

INSERT INTO STATISTICI_INDIVIDUALE
VALUES(479, 38, 9, 5, 3);

INSERT INTO STATISTICI_INDIVIDUALE
VALUES(480, 31, 14, 0, 3);

INSERT INTO STATISTICI_INDIVIDUALE
VALUES(481, 0, 2, 4, 0);

INSERT INTO STATISTICI_INDIVIDUALE
VALUES(482, 16, 1, 6, 1);

INSERT INTO STATISTICI_INDIVIDUALE
VALUES(483, 35, 3, 6, 1);

INSERT INTO STATISTICI_INDIVIDUALE
VALUES(484, 13, 9, 3, 0);

INSERT INTO STATISTICI_INDIVIDUALE
VALUES(485, 0, 3, 0, 0);

INSERT INTO STATISTICI_INDIVIDUALE
VALUES(486, 39, 10, 1, 1);

INSERT INTO STATISTICI_INDIVIDUALE
VALUES(487, 0, 4, 0, 2);

INSERT INTO STATISTICI_INDIVIDUALE
VALUES(488, 3, 17, 0, 2);

INSERT INTO STATISTICI_INDIVIDUALE
VALUES(489, 0, 3, 4, 0);

INSERT INTO STATISTICI_INDIVIDUALE
VALUES(490, 36, 11, 1, 3);

INSERT INTO STATISTICI_INDIVIDUALE
VALUES(491, 13, 36, 2, 3);

INSERT INTO STATISTICI_INDIVIDUALE
VALUES(492, 31, 20, 1, 2);

INSERT INTO STATISTICI_INDIVIDUALE
VALUES(493, 0, 3, 3, 3);

INSERT INTO STATISTICI_INDIVIDUALE
VALUES(494, 14, 19, 1, 0);

INSERT INTO STATISTICI_INDIVIDUALE
VALUES(495, 13, 29, 6, 2);

INSERT INTO STATISTICI_INDIVIDUALE
VALUES(496, 7, 36, 1, 3);

INSERT INTO STATISTICI_INDIVIDUALE
VALUES(497, 0, 3, 6, 0);

INSERT INTO STATISTICI_INDIVIDUALE
VALUES(498, 15, 14, 6, 0);

INSERT INTO STATISTICI_INDIVIDUALE
VALUES(499, 32, 13, 4, 1);

INSERT INTO STATISTICI_INDIVIDUALE
VALUES(500, 32, 10, 2, 2);

INSERT INTO STATISTICI_INDIVIDUALE
VALUES(501, 1, 3, 0, 3);

INSERT INTO STATISTICI_INDIVIDUALE
VALUES(502, 16, 38, 0, 2);

INSERT INTO STATISTICI_INDIVIDUALE
VALUES(503, 31, 18, 1, 0);

INSERT INTO STATISTICI_INDIVIDUALE
VALUES(504, 11, 31, 1, 1);

INSERT INTO STATISTICI_INDIVIDUALE
VALUES(505, 1, 1, 6, 1);

INSERT INTO STATISTICI_INDIVIDUALE
VALUES(506, 36, 11, 3, 2);

INSERT INTO STATISTICI_INDIVIDUALE
VALUES(507, 2, 21, 0, 3);

INSERT INTO STATISTICI_INDIVIDUALE
VALUES(508, 16, 20, 6, 3);

INSERT INTO STATISTICI_INDIVIDUALE
VALUES(509, 0, 3, 5, 2);

INSERT INTO STATISTICI_INDIVIDUALE
VALUES(510, 33, 13, 4, 3);

INSERT INTO STATISTICI_INDIVIDUALE
VALUES(511, 25, 15, 3, 1);

INSERT INTO STATISTICI_INDIVIDUALE
VALUES(512, 31, 25, 2, 0);

INSERT INTO STATISTICI_INDIVIDUALE
VALUES(513, 2, 0, 1, 2);

INSERT INTO STATISTICI_INDIVIDUALE
VALUES(514, 35, 0, 5, 2);

INSERT INTO STATISTICI_INDIVIDUALE
VALUES(515, 40, 16, 2, 0);

INSERT INTO STATISTICI_INDIVIDUALE
VALUES(516, 16, 9, 2, 1);

INSERT INTO STATISTICI_INDIVIDUALE
VALUES(517, 0, 3, 1, 1);

INSERT INTO STATISTICI_INDIVIDUALE
VALUES(518, 29, 32, 3, 0);

INSERT INTO STATISTICI_INDIVIDUALE
VALUES(519, 30, 5, 2, 1);

INSERT INTO STATISTICI_INDIVIDUALE
VALUES(520, 26, 14, 2, 0);

INSERT INTO STATISTICI_INDIVIDUALE
VALUES(521, 0, 0, 6, 2);

INSERT INTO STATISTICI_INDIVIDUALE
VALUES(522, 28, 4, 5, 2);

INSERT INTO STATISTICI_INDIVIDUALE
VALUES(523, 29, 25, 6, 1);

INSERT INTO STATISTICI_INDIVIDUALE
VALUES(524, 24, 3, 3, 1);

INSERT INTO STATISTICI_INDIVIDUALE
VALUES(525, 0, 3, 3, 1);

INSERT INTO STATISTICI_INDIVIDUALE
VALUES(526, 32, 33, 3, 2);

INSERT INTO STATISTICI_INDIVIDUALE
VALUES(527, 35, 10, 0, 2);

INSERT INTO STATISTICI_INDIVIDUALE
VALUES(528, 2, 29, 4, 0);

INSERT INTO STATISTICI_INDIVIDUALE
VALUES(529, 0, 1, 1, 2);

INSERT INTO STATISTICI_INDIVIDUALE
VALUES(530, 22, 26, 4, 3);

INSERT INTO STATISTICI_INDIVIDUALE
VALUES(531, 8, 5, 3, 1);

INSERT INTO STATISTICI_INDIVIDUALE
VALUES(532, 6, 0, 0, 1);

INSERT INTO STATISTICI_INDIVIDUALE
VALUES(533, 1, 2, 4, 1);

INSERT INTO STATISTICI_INDIVIDUALE
VALUES(534, 17, 1, 5, 1);

INSERT INTO STATISTICI_INDIVIDUALE
VALUES(535, 4, 15, 5, 1);

INSERT INTO STATISTICI_INDIVIDUALE
VALUES(536, 37, 25, 1, 3);

INSERT INTO STATISTICI_INDIVIDUALE
VALUES(537, 0, 1, 5, 3);

INSERT INTO STATISTICI_INDIVIDUALE
VALUES(538, 33, 25, 4, 1);

INSERT INTO STATISTICI_INDIVIDUALE
VALUES(539, 17, 35, 5, 3);

INSERT INTO STATISTICI_INDIVIDUALE
VALUES(540, 29, 24, 5, 0);

INSERT INTO STATISTICI_INDIVIDUALE
VALUES(541, 1, 0, 6, 1);

INSERT INTO STATISTICI_INDIVIDUALE
VALUES(542, 32, 11, 5, 0);

INSERT INTO STATISTICI_INDIVIDUALE
VALUES(543, 16, 29, 2, 1);

INSERT INTO STATISTICI_INDIVIDUALE
VALUES(544, 25, 31, 2, 0);

INSERT INTO STATISTICI_INDIVIDUALE
VALUES(545, 1, 1, 2, 0);

INSERT INTO STATISTICI_INDIVIDUALE
VALUES(546, 28, 0, 6, 3);

INSERT INTO STATISTICI_INDIVIDUALE
VALUES(547, 32, 35, 3, 1);

INSERT INTO STATISTICI_INDIVIDUALE
VALUES(548, 38, 12, 5, 2);

INSERT INTO STATISTICI_INDIVIDUALE
VALUES(549, 0, 0, 3, 1);

INSERT INTO STATISTICI_INDIVIDUALE
VALUES(550, 35, 29, 0, 3);

INSERT INTO STATISTICI_INDIVIDUALE
VALUES(551, 23, 9, 5, 1);

INSERT INTO STATISTICI_INDIVIDUALE
VALUES(552, 24, 25, 2, 2);

INSERT INTO STATISTICI_INDIVIDUALE
VALUES(553, 0, 0, 1, 1);

INSERT INTO STATISTICI_INDIVIDUALE
VALUES(554, 5, 23, 2, 3);

INSERT INTO STATISTICI_INDIVIDUALE
VALUES(555, 32, 40, 5, 3);

INSERT INTO STATISTICI_INDIVIDUALE
VALUES(556, 35, 18, 3, 3);

INSERT INTO STATISTICI_INDIVIDUALE
VALUES(557, 0, 2, 6, 2);

INSERT INTO STATISTICI_INDIVIDUALE
VALUES(558, 3, 26, 6, 3);

INSERT INTO STATISTICI_INDIVIDUALE
VALUES(559, 39, 34, 3, 1);

INSERT INTO STATISTICI_INDIVIDUALE
VALUES(560, 0, 37, 4, 1);

INSERT INTO STATISTICI_INDIVIDUALE
VALUES(561, 2, 1, 3, 1);

INSERT INTO STATISTICI_INDIVIDUALE
VALUES(562, 9, 40, 1, 0);

INSERT INTO STATISTICI_INDIVIDUALE
VALUES(563, 12, 4, 0, 2);

INSERT INTO STATISTICI_INDIVIDUALE
VALUES(564, 22, 6, 2, 1);

INSERT INTO STATISTICI_INDIVIDUALE
VALUES(565, 0, 0, 4, 1);

INSERT INTO STATISTICI_INDIVIDUALE
VALUES(566, 23, 37, 2, 3);

INSERT INTO STATISTICI_INDIVIDUALE
VALUES(567, 27, 7, 2, 3);

INSERT INTO STATISTICI_INDIVIDUALE
VALUES(568, 7, 32, 5, 0);

INSERT INTO STATISTICI_INDIVIDUALE
VALUES(569, 2, 0, 3, 3);

INSERT INTO STATISTICI_INDIVIDUALE
VALUES(570, 7, 19, 2, 0);

INSERT INTO STATISTICI_INDIVIDUALE
VALUES(571, 16, 23, 5, 1);

INSERT INTO STATISTICI_INDIVIDUALE
VALUES(572, 23, 22, 6, 2);

INSERT INTO STATISTICI_INDIVIDUALE
VALUES(573, 2, 3, 5, 2);

INSERT INTO STATISTICI_INDIVIDUALE
VALUES(574, 40, 33, 4, 0);

INSERT INTO STATISTICI_INDIVIDUALE
VALUES(575, 37, 13, 5, 1);

INSERT INTO STATISTICI_INDIVIDUALE
VALUES(576, 33, 16, 0, 3);

INSERT INTO STATISTICI_INDIVIDUALE
VALUES(577, 2, 0, 1, 0);

INSERT INTO STATISTICI_INDIVIDUALE
VALUES(578, 12, 7, 1, 3);

INSERT INTO STATISTICI_INDIVIDUALE
VALUES(579, 36, 5, 0, 2);

INSERT INTO STATISTICI_INDIVIDUALE
VALUES(580, 14, 14, 0, 3);

INSERT INTO STATISTICI_INDIVIDUALE
VALUES(581, 1, 2, 5, 1);

INSERT INTO STATISTICI_INDIVIDUALE
VALUES(582, 32, 30, 5, 0);

INSERT INTO STATISTICI_INDIVIDUALE
VALUES(583, 10, 8, 5, 2);

INSERT INTO STATISTICI_INDIVIDUALE
VALUES(584, 1, 13, 3, 1);

INSERT INTO STATISTICI_INDIVIDUALE
VALUES(585, 1, 0, 1, 3);

INSERT INTO STATISTICI_INDIVIDUALE
VALUES(586, 19, 26, 2, 3);

INSERT INTO STATISTICI_INDIVIDUALE
VALUES(587, 22, 23, 5, 0);

INSERT INTO STATISTICI_INDIVIDUALE
VALUES(588, 14, 40, 2, 2);

INSERT INTO STATISTICI_INDIVIDUALE
VALUES(589, 0, 2, 5, 2);

INSERT INTO STATISTICI_INDIVIDUALE
VALUES(590, 37, 8, 5, 2);

INSERT INTO STATISTICI_INDIVIDUALE
VALUES(591, 17, 32, 0, 1);

INSERT INTO STATISTICI_INDIVIDUALE
VALUES(592, 27, 28, 4, 3);

INSERT INTO STATISTICI_INDIVIDUALE
VALUES(593, 1, 1, 6, 3);

INSERT INTO STATISTICI_INDIVIDUALE
VALUES(594, 17, 12, 1, 2);

INSERT INTO STATISTICI_INDIVIDUALE
VALUES(595, 10, 40, 0, 2);

INSERT INTO STATISTICI_INDIVIDUALE
VALUES(596, 17, 30, 1, 1);

INSERT INTO STATISTICI_INDIVIDUALE
VALUES(597, 1, 2, 4, 0);

INSERT INTO STATISTICI_INDIVIDUALE
VALUES(598, 36, 1, 5, 0);

INSERT INTO STATISTICI_INDIVIDUALE
VALUES(599, 30, 26, 2, 1);

INSERT INTO STATISTICI_INDIVIDUALE
VALUES(600, 25, 35, 4, 1);

INSERT INTO STATISTICI_INDIVIDUALE
VALUES(601, 0, 1, 4, 3);

INSERT INTO STATISTICI_INDIVIDUALE
VALUES(602, 16, 0, 4, 3);

INSERT INTO STATISTICI_INDIVIDUALE
VALUES(603, 36, 34, 4, 0);

INSERT INTO STATISTICI_INDIVIDUALE
VALUES(604, 13, 2, 0, 0);

INSERT INTO STATISTICI_INDIVIDUALE
VALUES(605, 1, 3, 6, 0);

INSERT INTO STATISTICI_INDIVIDUALE
VALUES(606, 38, 11, 5, 3);

INSERT INTO STATISTICI_INDIVIDUALE
VALUES(607, 15, 24, 6, 0);

INSERT INTO STATISTICI_INDIVIDUALE
VALUES(608, 24, 6, 0, 1);

INSERT INTO STATISTICI_INDIVIDUALE
VALUES(609, 2, 1, 0, 2);

INSERT INTO STATISTICI_INDIVIDUALE
VALUES(610, 13, 31, 5, 1);

INSERT INTO STATISTICI_INDIVIDUALE
VALUES(611, 27, 25, 1, 0);

INSERT INTO STATISTICI_INDIVIDUALE
VALUES(612, 18, 18, 4, 1);

INSERT INTO STATISTICI_INDIVIDUALE
VALUES(613, 0, 3, 5, 0);

INSERT INTO STATISTICI_INDIVIDUALE
VALUES(614, 26, 34, 3, 1);

INSERT INTO STATISTICI_INDIVIDUALE
VALUES(615, 34, 11, 4, 1);

INSERT INTO STATISTICI_INDIVIDUALE
VALUES(616, 31, 12, 6, 2);

INSERT INTO STATISTICI_INDIVIDUALE
VALUES(617, 1, 3, 5, 1);

INSERT INTO STATISTICI_INDIVIDUALE
VALUES(618, 5, 2, 0, 2);

INSERT INTO STATISTICI_INDIVIDUALE
VALUES(619, 7, 28, 5, 2);

INSERT INTO STATISTICI_INDIVIDUALE
VALUES(620, 4, 12, 5, 0);

INSERT INTO STATISTICI_INDIVIDUALE
VALUES(621, 2, 2, 5, 1);

INSERT INTO STATISTICI_INDIVIDUALE
VALUES(622, 38, 9, 6, 1);

INSERT INTO STATISTICI_INDIVIDUALE
VALUES(623, 37, 12, 1, 0);

INSERT INTO STATISTICI_INDIVIDUALE
VALUES(624, 25, 39, 0, 3);

INSERT INTO STATISTICI_INDIVIDUALE
VALUES(625, 2, 1, 6, 3);

INSERT INTO STATISTICI_INDIVIDUALE
VALUES(626, 0, 40, 5, 1);

INSERT INTO STATISTICI_INDIVIDUALE
VALUES(627, 32, 11, 4, 1);

INSERT INTO STATISTICI_INDIVIDUALE
VALUES(628, 13, 8, 4, 2);

INSERT INTO STATISTICI_INDIVIDUALE
VALUES(629, 2, 3, 6, 3);

INSERT INTO STATISTICI_INDIVIDUALE
VALUES(630, 17, 6, 4, 2);

INSERT INTO STATISTICI_INDIVIDUALE
VALUES(631, 29, 20, 2, 0);

INSERT INTO STATISTICI_INDIVIDUALE
VALUES(632, 25, 26, 1, 2);

INSERT INTO STATISTICI_INDIVIDUALE
VALUES(633, 1, 1, 0, 2);

INSERT INTO STATISTICI_INDIVIDUALE
VALUES(634, 31, 17, 3, 2);

INSERT INTO STATISTICI_INDIVIDUALE
VALUES(635, 39, 5, 4, 3);

INSERT INTO STATISTICI_INDIVIDUALE
VALUES(636, 38, 10, 5, 0);

INSERT INTO STATISTICI_INDIVIDUALE
VALUES(637, 2, 1, 0, 0);

INSERT INTO STATISTICI_INDIVIDUALE
VALUES(638, 2, 40, 4, 2);

INSERT INTO STATISTICI_INDIVIDUALE
VALUES(639, 16, 24, 0, 0);

INSERT INTO STATISTICI_INDIVIDUALE
VALUES(640, 33, 17, 4, 2);

INSERT INTO STATISTICI_INDIVIDUALE
VALUES(641, 0, 3, 4, 3);

INSERT INTO STATISTICI_INDIVIDUALE
VALUES(642, 25, 7, 0, 0);

INSERT INTO STATISTICI_INDIVIDUALE
VALUES(643, 24, 9, 1, 1);

INSERT INTO STATISTICI_INDIVIDUALE
VALUES(644, 25, 31, 0, 1);

INSERT INTO STATISTICI_INDIVIDUALE
VALUES(645, 0, 2, 0, 0);

INSERT INTO STATISTICI_INDIVIDUALE
VALUES(646, 1, 15, 0, 2);

INSERT INTO STATISTICI_INDIVIDUALE
VALUES(647, 37, 38, 0, 1);

INSERT INTO STATISTICI_INDIVIDUALE
VALUES(648, 10, 33, 6, 2);

INSERT INTO STATISTICI_INDIVIDUALE
VALUES(649, 2, 2, 2, 2);

INSERT INTO STATISTICI_INDIVIDUALE
VALUES(650, 24, 39, 2, 3);

INSERT INTO STATISTICI_INDIVIDUALE
VALUES(651, 13, 0, 5, 3);

INSERT INTO STATISTICI_INDIVIDUALE
VALUES(652, 40, 26, 4, 0);

INSERT INTO STATISTICI_INDIVIDUALE
VALUES(653, 2, 0, 0, 1);

INSERT INTO STATISTICI_INDIVIDUALE
VALUES(654, 9, 11, 2, 1);

INSERT INTO STATISTICI_INDIVIDUALE
VALUES(655, 31, 23, 4, 2);

INSERT INTO STATISTICI_INDIVIDUALE
VALUES(656, 0, 7, 5, 2);

INSERT INTO STATISTICI_INDIVIDUALE
VALUES(657, 1, 3, 3, 1);

INSERT INTO STATISTICI_INDIVIDUALE
VALUES(658, 7, 10, 0, 3);

INSERT INTO STATISTICI_INDIVIDUALE
VALUES(659, 8, 3, 5, 2);

INSERT INTO STATISTICI_INDIVIDUALE
VALUES(660, 18, 9, 0, 0);

INSERT INTO STATISTICI_INDIVIDUALE
VALUES(661, 1, 2, 0, 1);

INSERT INTO STATISTICI_INDIVIDUALE
VALUES(662, 25, 36, 6, 2);

INSERT INTO STATISTICI_INDIVIDUALE
VALUES(663, 25, 22, 2, 0);

INSERT INTO STATISTICI_INDIVIDUALE
VALUES(664, 19, 13, 0, 2);

INSERT INTO STATISTICI_INDIVIDUALE
VALUES(665, 0, 2, 2, 3);

INSERT INTO STATISTICI_INDIVIDUALE
VALUES(666, 29, 16, 3, 2);

INSERT INTO STATISTICI_INDIVIDUALE
VALUES(667, 38, 25, 1, 2);

INSERT INTO STATISTICI_INDIVIDUALE
VALUES(668, 3, 18, 6, 1);

INSERT INTO STATISTICI_INDIVIDUALE
VALUES(669, 0, 2, 1, 1);

INSERT INTO STATISTICI_INDIVIDUALE
VALUES(670, 32, 19, 5, 0);

INSERT INTO STATISTICI_INDIVIDUALE
VALUES(671, 13, 31, 4, 2);

INSERT INTO STATISTICI_INDIVIDUALE
VALUES(672, 37, 15, 3, 3);

INSERT INTO STATISTICI_INDIVIDUALE
VALUES(673, 0, 0, 1, 0);

INSERT INTO STATISTICI_INDIVIDUALE
VALUES(674, 26, 0, 3, 3);

INSERT INTO STATISTICI_INDIVIDUALE
VALUES(675, 40, 22, 3, 2);

INSERT INTO STATISTICI_INDIVIDUALE
VALUES(676, 39, 16, 1, 2);

INSERT INTO STATISTICI_INDIVIDUALE
VALUES(677, 0, 3, 2, 0);

INSERT INTO STATISTICI_INDIVIDUALE
VALUES(678, 20, 8, 3, 2);

INSERT INTO STATISTICI_INDIVIDUALE
VALUES(679, 6, 1, 3, 3);

INSERT INTO STATISTICI_INDIVIDUALE
VALUES(680, 2, 23, 1, 2);

INSERT INTO STATISTICI_INDIVIDUALE
VALUES(681, 0, 3, 2, 1);

INSERT INTO STATISTICI_INDIVIDUALE
VALUES(682, 14, 29, 5, 1);

INSERT INTO STATISTICI_INDIVIDUALE
VALUES(683, 12, 25, 3, 3);

INSERT INTO STATISTICI_INDIVIDUALE
VALUES(684, 16, 5, 1, 2);

INSERT INTO STATISTICI_INDIVIDUALE
VALUES(685, 0, 1, 0, 0);

INSERT INTO STATISTICI_INDIVIDUALE
VALUES(686, 1, 13, 3, 3);

INSERT INTO STATISTICI_INDIVIDUALE
VALUES(687, 16, 18, 6, 1);

INSERT INTO STATISTICI_INDIVIDUALE
VALUES(688, 26, 37, 4, 3);

INSERT INTO STATISTICI_INDIVIDUALE
VALUES(689, 0, 1, 6, 0);

INSERT INTO STATISTICI_INDIVIDUALE
VALUES(690, 14, 24, 0, 0);

INSERT INTO STATISTICI_INDIVIDUALE
VALUES(691, 31, 34, 4, 2);

INSERT INTO STATISTICI_INDIVIDUALE
VALUES(692, 24, 35, 2, 2);

INSERT INTO STATISTICI_INDIVIDUALE
VALUES(693, 0, 1, 3, 0);

INSERT INTO STATISTICI_INDIVIDUALE
VALUES(694, 25, 37, 5, 3);

INSERT INTO STATISTICI_INDIVIDUALE
VALUES(695, 30, 17, 1, 3);

INSERT INTO STATISTICI_INDIVIDUALE
VALUES(696, 36, 11, 1, 2);

INSERT INTO STATISTICI_INDIVIDUALE
VALUES(697, 0, 0, 3, 2);

INSERT INTO STATISTICI_INDIVIDUALE
VALUES(698, 12, 10, 6, 3);

INSERT INTO STATISTICI_INDIVIDUALE
VALUES(699, 0, 32, 3, 3);

INSERT INTO STATISTICI_INDIVIDUALE
VALUES(700, 23, 10, 3, 0);

INSERT INTO STATISTICI_INDIVIDUALE
VALUES(701, 2, 1, 6, 0);

INSERT INTO STATISTICI_INDIVIDUALE
VALUES(702, 5, 30, 0, 0);

INSERT INTO STATISTICI_INDIVIDUALE
VALUES(703, 9, 34, 0, 2);

INSERT INTO STATISTICI_INDIVIDUALE
VALUES(704, 20, 29, 3, 1);

INSERT INTO JUCATOR
VALUES(1, 'Ederson Moraes', 1, 'portar', 1, 'drept');

INSERT INTO JUCATOR
VALUES(2, 'Ruben Dias', 1, 'fundas', 2, 'drept');

INSERT INTO JUCATOR
VALUES(3, 'Kevin De Bruyne', 1, 'mijlocas', 3, 'drept');

INSERT INTO JUCATOR
VALUES(4, 'Gabriel Jesus', 1, 'atacant', 4, 'drept');

INSERT INTO JUCATOR
VALUES(5, 'Alisson', 2, 'portar', 5, 'drept');

INSERT INTO JUCATOR
VALUES(6, 'Andrew Robertson', 2, 'fundas', 6, 'stang');

INSERT INTO JUCATOR
VALUES(7, 'Jordan Henderson', 2, 'mijlocas', 7, 'drept');

INSERT INTO JUCATOR
VALUES(8, 'Mohamed Salah', 2, 'atacant', 8, 'drept');

INSERT INTO JUCATOR
VALUES(9, 'Edouard Mendy', 3, 'portar', 9, 'drept');

INSERT INTO JUCATOR
VALUES(10, 'Ben Chilwell', 3, 'fundas', 10, 'stang');

INSERT INTO JUCATOR
VALUES(11, 'Jorginho', 3, 'mijlocas', 11, 'drept');

INSERT INTO JUCATOR
VALUES(12, 'Timo Werner', 3, 'atacant', 12, 'drept');

INSERT INTO JUCATOR
VALUES(13, 'Hugo Lloris', 4, 'portar', 13, 'stang');

INSERT INTO JUCATOR
VALUES(14, 'Toby Alderweireld', 4, 'fundas', 14, 'drept');

INSERT INTO JUCATOR
VALUES(15, 'Dele Alli', 4, 'mijlocas', 15, 'drept');

INSERT INTO JUCATOR
VALUES(16, 'Harry Kane', 4, 'atacant', 16, 'drept');

INSERT INTO JUCATOR
VALUES(17, 'Bernd Leno', 5, 'portar', 17, 'drept');

INSERT INTO JUCATOR
VALUES(18, 'David Luiz', 5, 'fundas', 18, 'drept');

INSERT INTO JUCATOR
VALUES(19, 'Martin Odegaard', 5, 'mijlocas', 19, 'stang');

INSERT INTO JUCATOR
VALUES(20, 'Pierre-Emerick Aubameyang', 5, 'atacant', 20, 'drept');

INSERT INTO JUCATOR
VALUES(21, 'David De Gea', 6, 'portar', 21, 'drept');

INSERT INTO JUCATOR
VALUES(22, 'Harry Maguire', 6, 'fundas', 22, 'drept');

INSERT INTO JUCATOR
VALUES(23, 'Paul Pogba', 6, 'mijlocas', 23, 'drept');

INSERT INTO JUCATOR
VALUES(24, 'Cristiano Ronaldo', 6, 'atacant', 24, 'drept');

INSERT INTO JUCATOR
VALUES(25, 'Lukasz Fabianski', 7, 'portar', 25, 'drept');

INSERT INTO JUCATOR
VALUES(26, 'Kurt Zouma', 7, 'fundas', 26, 'drept');

INSERT INTO JUCATOR
VALUES(27, 'Declan Rice', 7, 'mijlocas', 27, 'drept');

INSERT INTO JUCATOR
VALUES(28, 'Andriy Yarmolenko', 7, 'atacant', 28, 'stang');

INSERT INTO JUCATOR
VALUES(29, 'Kasper Schmeichel', 8, 'portar', 29, 'stang');

INSERT INTO JUCATOR
VALUES(30, 'Ricardo Pereira', 8, 'fundas', 30, 'drept');

INSERT INTO JUCATOR
VALUES(31, 'Youri Tielemans', 8, 'mijlocas', 31, 'drept');

INSERT INTO JUCATOR
VALUES(32, 'Jamie Vardy', 8, 'atacant', 32, 'drept');

INSERT INTO JUCATOR
VALUES(33, 'Robert Sanchez', 9, 'portar', 33, 'drept');

INSERT INTO JUCATOR
VALUES(34, 'Lewis Dunk', 9, 'fundas', 34, 'drept');

INSERT INTO JUCATOR
VALUES(35, 'Adam Lallana', 9, 'mijlocas', 35, 'drept');

INSERT INTO JUCATOR
VALUES(36, 'Danny Welbeck', 9, 'atacant', 36, 'stang');

INSERT INTO JUCATOR
VALUES(37, 'Jose Sa', 10, 'portar', 37, 'drept');

INSERT INTO JUCATOR
VALUES(38, 'Nelson Semedo', 10, 'fundas', 38, 'drept');

INSERT INTO JUCATOR
VALUES(39, 'Ruben Neves', 10, 'mijlocas', 39, 'drept');

INSERT INTO JUCATOR
VALUES(40, 'Raul Jimenez', 10, 'atacant', 40, 'drept');

INSERT INTO JUCATOR
VALUES(41, 'Martin Dubravka', 11, 'portar', 41, 'drept');

INSERT INTO JUCATOR
VALUES(42, 'Kieran Trippier', 11, 'fundas', 42, 'drept');

INSERT INTO JUCATOR
VALUES(43, 'Allan Saint-Maximin', 11, 'mijlocas', 43, 'drept');

INSERT INTO JUCATOR
VALUES(44, 'Chris Wood', 11, 'atacant', 44, 'drept');

INSERT INTO JUCATOR
VALUES(45, 'Jack Butland', 12, 'portar', 45, 'drept');

INSERT INTO JUCATOR
VALUES(46, 'Nathaniel Clyne', 12, 'fundas', 46, 'drept');

INSERT INTO JUCATOR
VALUES(47, 'James McArthur', 12, 'mijlocas', 47, 'drept');

INSERT INTO JUCATOR
VALUES(48, 'Wilfred Zaha', 12, 'atacant', 48, 'stang');

INSERT INTO JUCATOR
VALUES(49, 'David Raya', 13, 'portar', 49, 'drept');

INSERT INTO JUCATOR
VALUES(50, 'Kristoffer Ajer', 13, 'fundas', 50, 'drept');

INSERT INTO JUCATOR
VALUES(51, 'Christian Eriksen', 13, 'mijlocas', 51, 'drept');

INSERT INTO JUCATOR
VALUES(52, 'Marcus Forss', 13, 'atacant', 52, 'drept');

INSERT INTO JUCATOR
VALUES(53, 'Emiliano Martinez', 14, 'portar', 53, 'drept');

INSERT INTO JUCATOR
VALUES(54, 'Lucas Digne', 14, 'fundas', 54, 'stang');

INSERT INTO JUCATOR
VALUES(55, 'Philippe Coutinho', 14, 'mijlocas', 55, 'drept');

INSERT INTO JUCATOR
VALUES(56, 'Leon Bailey', 14, 'atacant', 56, 'stang');

INSERT INTO JUCATOR
VALUES(57, 'Fraser Forster', 15, 'portar', 57, 'drept');

INSERT INTO JUCATOR
VALUES(58, 'Kyle Walker-Peters', 15, 'fundas', 58, 'drept');

INSERT INTO JUCATOR
VALUES(59, 'Oriol Romeu', 15, 'mijlocas', 59, 'drept');

INSERT INTO JUCATOR
VALUES(60, 'Mohamed Elyounoussi', 15, 'atacant', 60, 'drept');

INSERT INTO JUCATOR
VALUES(61, 'Jordan Pickford', 16, 'portar', 61, 'drept');

INSERT INTO JUCATOR
VALUES(62, 'Seamus Coleman', 16, 'fundas', 62, 'drept');

INSERT INTO JUCATOR
VALUES(63, 'Allan', 16, 'mijlocas', 63, 'drept');

INSERT INTO JUCATOR
VALUES(64, 'Dominic Calvert-Lewin', 16, 'atacant', 64, 'drept');

INSERT INTO JUCATOR
VALUES(65, 'Illan Meslier', 17, 'portar', 65, 'drept');

INSERT INTO JUCATOR
VALUES(66, 'Junior Firpo', 17, 'fundas', 66, 'drept');

INSERT INTO JUCATOR
VALUES(67, 'Daniel James', 17, 'mijlocas', 67, 'drept');

INSERT INTO JUCATOR
VALUES(68, 'Raphinha', 17, 'atacant', 68, 'drept');

INSERT INTO JUCATOR
VALUES(69, 'Nick Pope', 18, 'portar', 69, 'drept');

INSERT INTO JUCATOR
VALUES(70, 'Kevin Long', 18, 'fundas', 70, 'drept');

INSERT INTO JUCATOR
VALUES(71, 'Aaron Lennon', 18, 'mijlocas', 71, 'stang');

INSERT INTO JUCATOR
VALUES(72, 'Wout Weghorst', 18, 'atacant', 72, 'drept');

INSERT INTO JUCATOR
VALUES(73, 'Ben Foster', 19, 'portar', 73, 'drept');

INSERT INTO JUCATOR
VALUES(74, 'Kiko', 19, 'fundas', 74, 'drept');

INSERT INTO JUCATOR
VALUES(75, 'Moussa Sissoko', 19, 'mijlocas', 75, 'drept');

INSERT INTO JUCATOR
VALUES(76, 'Joshua King', 19, 'atacant', 76, 'drept');

INSERT INTO JUCATOR
VALUES(77, 'Tim Krul', 20, 'portar', 77, 'drept');

INSERT INTO JUCATOR
VALUES(78, 'Ozan Kabak', 20, 'fundas', 78, 'drept');

INSERT INTO JUCATOR
VALUES(79, 'Milot Rashica', 20, 'mijlocas', 79, 'drept');

INSERT INTO JUCATOR
VALUES(80, 'Teemu Pukki', 20, 'atacant', 80, 'drept');

INSERT INTO JUCATOR
VALUES(81, 'Paulo Gazzaniga', 21, 'portar', 81, 'drept');

INSERT INTO JUCATOR
VALUES(82, 'Kenny Tete', 21, 'fundas', 82, 'drept');

INSERT INTO JUCATOR
VALUES(83, 'Harry Wilson', 21, 'mijlocas', 83, 'drept');

INSERT INTO JUCATOR
VALUES(84, 'Aleksandar Mitrovic', 21, 'atacant', 84, 'stang');

INSERT INTO JUCATOR
VALUES(85, 'Mark Travers', 22, 'portar', 85, 'drept');

INSERT INTO JUCATOR
VALUES(86, 'Gary Cahill', 22, 'fundas', 86, 'drept');

INSERT INTO JUCATOR
VALUES(87, 'Lewis Cook', 22, 'mijlocas', 87, 'drept');

INSERT INTO JUCATOR
VALUES(88, 'Dominic Solanke', 22, 'atacant', 88, 'drept');

INSERT INTO JUCATOR
VALUES(89, 'Jamal Blackman', 23, 'portar', 89, 'drept');

INSERT INTO JUCATOR
VALUES(90, 'Pipa', 23, 'fundas', 90, 'drept');

INSERT INTO JUCATOR
VALUES(91, 'Rowe Aaron', 23, 'mijlocas', 91, 'drept');

INSERT INTO JUCATOR
VALUES(92, 'Aarons Rolando', 23, 'atacant', 92, 'drept');

INSERT INTO JUCATOR
VALUES(93, 'Ethan Horvath', 24, 'portar', 93, 'stang');

INSERT INTO JUCATOR
VALUES(94, 'Joe Worrall', 24, 'fundas', 94, 'drept');

INSERT INTO JUCATOR
VALUES(95, 'Ryan Yates', 24, 'mijlocas', 95, 'drept');

INSERT INTO JUCATOR
VALUES(96, 'Taylor Lyle', 24, 'atacant', 96, 'drept');

INSERT INTO JUCATOR
VALUES(97, 'Wesley Fordingham', 25, 'portar', 97, 'drept');

INSERT INTO JUCATOR
VALUES(98, 'Uremovic Filip', 25, 'fundas',98, 'drept');

INSERT INTO JUCATOR
VALUES(99, 'Berge Sander', 25, 'mijlocas', 99, 'drept');

INSERT INTO JUCATOR
VALUES(100, 'Oliver Burke', 25, 'atacant', 100, 'drept');

INSERT INTO JUCATOR
VALUES(101, 'James Shea', 26, 'portar', 101, 'drept');

INSERT INTO JUCATOR
VALUES(102, 'Dan Potts', 26, 'fundas', 102, 'drept');

INSERT INTO JUCATOR
VALUES(103, 'Robert Snodgrass', 26, 'mijlocas', 103, 'drept');

INSERT INTO JUCATOR
VALUES(104, 'Cornick Harry', 26, 'atacant', 104, 'drept');

INSERT INTO JUCATOR
VALUES(105, 'Lumley Joe', 27, 'portar', 105, 'drept');

INSERT INTO JUCATOR
VALUES(106, 'Sol Bamba', 27, 'fundas', 106, 'drept');

INSERT INTO JUCATOR
VALUES(107, 'Matt Crooks', 27, 'mijlocas', 107, 'drept');

INSERT INTO JUCATOR
VALUES(108, 'Ikpeazu Uche', 27, 'atacant', 108, 'drept');

INSERT INTO JUCATOR
VALUES(109, 'Thomas Kaminski', 28, 'portar', 109, 'drept');

INSERT INTO JUCATOR
VALUES(110, 'Daniel Ayala', 28, 'fundas', 110, 'drept');

INSERT INTO JUCATOR
VALUES(111, 'Rothwell Joe', 28, 'mijlocas', 111, 'drept');

INSERT INTO JUCATOR
VALUES(112, 'Ben Brereton', 28, 'atacant', 112, 'drept');

INSERT INTO JUCATOR
VALUES(113, 'Bialkowski Bartosz', 29, 'portar', 113, 'drept');

INSERT INTO JUCATOR
VALUES(114, 'McNamara Dan', 29, 'fundas', 114, 'stang');

INSERT INTO JUCATOR
VALUES(115, 'Wallace Jed', 29, 'mijlocas', 115, 'drept');

INSERT INTO JUCATOR
VALUES(116, 'Bradshaw Tom', 29, 'atacant', 116, 'drept');

INSERT INTO JUCATOR
VALUES(117, 'Johnstone Sam', 30, 'portar', 117, 'drept');

INSERT INTO JUCATOR
VALUES(118, 'Furlong Darnell', 30, 'fundas', 118, 'drept');

INSERT INTO JUCATOR
VALUES(119, 'Phillips Matt', 30, 'mijlocas', 119, 'stang');

INSERT INTO JUCATOR
VALUES(120, 'Carroll Andy', 30, 'atacant', 120, 'drept');

INSERT INTO JUCATOR
VALUES(121, 'Dieng Seny', 31, 'portar', 121, 'drept');

INSERT INTO JUCATOR
VALUES(122, 'Kakay Osman', 31, 'fundas', 122, 'drept');

INSERT INTO JUCATOR
VALUES(123, 'Chair Ilias', 31, 'mijlocas', 123, 'drept');

INSERT INTO JUCATOR
VALUES(124, 'Austin Charlie', 31, 'atacant', 124, 'drept');

INSERT INTO JUCATOR
VALUES(125, 'Moore Simon', 32, 'portar', 125, 'stang');

INSERT INTO JUCATOR
VALUES(126, 'Kane Todd', 32, 'fundas', 126, 'drept');

INSERT INTO JUCATOR
VALUES(127, 'Allen Jamie', 32, 'mijlocas', 127, 'drept');

INSERT INTO JUCATOR
VALUES(128, 'Tavares Fabio', 32, 'atacant', 128, 'drept');

INSERT INTO JUCATOR
VALUES(129, 'Ripley Connor', 33, 'portar', 129, 'stang');

INSERT INTO JUCATOR
VALUES(130, 'Cunningham Greg', 33, 'fundas', 130, 'drept');

INSERT INTO JUCATOR
VALUES(131, 'Johnson Daniel', 33, 'mijlocas', 131, 'drept');

INSERT INTO JUCATOR
VALUES(132, 'Maguire Sean', 33, 'atacant', 132, 'drept');

INSERT INTO JUCATOR
VALUES(133, 'Bursik Josef', 34, 'portar', 133, 'stang');

INSERT INTO JUCATOR
VALUES(134, 'Smith Tom', 34, 'fundas', 134, 'stang');

INSERT INTO JUCATOR
VALUES(135, 'Sparrow Tom', 34, 'mijlocas', 135, 'drept');

INSERT INTO JUCATOR
VALUES(136, 'Campbell Tyrese', 34, 'atacant', 136, 'stang');

INSERT INTO JUCATOR
VALUES(137, 'Benda Steven', 35, 'portar', 137, 'drept');

INSERT INTO JUCATOR
VALUES(138, 'Naughton Kyle', 35, 'fundas', 138, 'drept');

INSERT INTO JUCATOR
VALUES(139, 'Smith Korey', 35, 'mijlocas', 139, 'stang');

INSERT INTO JUCATOR
VALUES(140, 'Obafemi Michael', 35, 'atacant', 140, 'drept');

INSERT INTO JUCATOR
VALUES(141, 'Moore Stuart', 36, 'portar', 141, 'drept');

INSERT INTO JUCATOR
VALUES(142, 'James Reece', 36, 'fundas', 142, 'stang');

INSERT INTO JUCATOR
VALUES(143, 'Dougall Kenneth', 36, 'mijlocas', 143, 'stang');

INSERT INTO JUCATOR
VALUES(144, 'Dale Owen', 36, 'atacant', 144, 'drept');

INSERT INTO JUCATOR
VALUES(145, 'Bentley Daniel', 37, 'portar', 145, 'drept');

INSERT INTO JUCATOR
VALUES(146, 'Towler Ryley', 37, 'fundas', 146, 'stang');

INSERT INTO JUCATOR
VALUES(147, 'O`Dowda Callum', 37, 'mijlocas', 147, 'stang');

INSERT INTO JUCATOR
VALUES(148, 'Martin Chris', 37, 'atacant', 148, 'stang');

INSERT INTO JUCATOR
VALUES(149, 'Phillips Dillon', 38, 'portar', 149, 'drept');

INSERT INTO JUCATOR
VALUES(150, 'Vaulks Will', 38, 'fundas', 150, 'stang');

INSERT INTO JUCATOR
VALUES(151, 'Wintle Ryan', 38, 'mijlocas', 151, 'stang');

INSERT INTO JUCATOR
VALUES(152, 'Davies Isaak', 38, 'atacant', 152, 'stang');

INSERT INTO JUCATOR
VALUES(153, 'Cartwright Harvey', 39, 'portar', 153, 'drept');

INSERT INTO JUCATOR
VALUES(154, 'Fleming Brandon', 39, 'fundas', 154, 'drept');

INSERT INTO JUCATOR
VALUES(155, 'Longman Ryan', 39, 'mijlocas', 155, 'drept');

INSERT INTO JUCATOR
VALUES(156, 'Smith Tyler', 39, 'atacant', 156, 'drept');

INSERT INTO JUCATOR
VALUES(157, 'Trueman Connal', 40, 'portar', 157, 'drept');

INSERT INTO JUCATOR
VALUES(158, 'Friend George', 40, 'fundas', 158, 'stang');

INSERT INTO JUCATOR
VALUES(159, 'Sunjic Ivan', 40, 'mijlocas', 159, 'stang');

INSERT INTO JUCATOR
VALUES(160, 'Jutkiewicz Lukas', 40, 'atacant', 160, 'stang');

INSERT INTO JUCATOR
VALUES(161, 'Nyland Orjan', 41, 'portar', 161, 'drept');

INSERT INTO JUCATOR
VALUES(162, 'Thomas Terrell', 41, 'fundas', 162, 'stang');

INSERT INTO JUCATOR
VALUES(163, 'Halilovic Alen', 41, 'mijlocas', 163, 'stang');

INSERT INTO JUCATOR
VALUES(164, 'Hoilett Junior', 41, 'atacant', 164, 'stang');

INSERT INTO JUCATOR
VALUES(165, 'Cornell David', 42, 'portar', 165, 'stang');

INSERT INTO JUCATOR
VALUES(166, 'Tomlinson Joe', 42, 'fundas', 166, 'stang');

INSERT INTO JUCATOR
VALUES(167, 'Corbett Kai', 42, 'mijlocas', 167, 'stang');

INSERT INTO JUCATOR
VALUES(168, 'Poku Kwame', 42, 'atacant', 168, 'drept');

INSERT INTO JUCATOR
VALUES(169, 'Roos Kelle', 43, 'portar', 169, 'stang');

INSERT INTO JUCATOR
VALUES(170, 'Buchanan Lee', 43, 'fundas', 170, 'drept');

INSERT INTO JUCATOR
VALUES(171, 'Richards Carlos Peliza', 43, 'mijlocas', 171, 'stang');

INSERT INTO JUCATOR
VALUES(172, 'Aghatise Osazee', 43, 'atacant', 172, 'drept');

INSERT INTO JUCATOR
VALUES(173, 'Collins Bradley', 44, 'portar', 173, 'drept');

INSERT INTO JUCATOR
VALUES(174, 'Helik Michal', 44, 'fundas', 174, 'stang');

INSERT INTO JUCATOR
VALUES(175, 'Hondermarck William', 44, 'mijlocas', 175, 'drept');

INSERT INTO JUCATOR
VALUES(176, 'Woodrow Cauley', 44, 'atacant', 176, 'stang');

INSERT INTO JUCATOR
VALUES(177, 'Kobel Gregor', 45, 'portar', 177, 'stang');

INSERT INTO JUCATOR
VALUES(178, 'Mats Hummels', 45, 'fundas', 178, 'stang');

INSERT INTO JUCATOR
VALUES(179, 'Reus Marco', 45, 'mijlocas', 179, 'drept');

INSERT INTO JUCATOR
VALUES(180, 'Haaland Erling', 45, 'atacant', 180, 'stang');

INSERT INTO JUCATOR
VALUES(181, 'Ulreich Sven', 46, 'portar', 181, 'stang');

INSERT INTO JUCATOR
VALUES(182, 'Pavard Benjamin', 46, 'fundas', 182, 'drept');

INSERT INTO JUCATOR
VALUES(183, 'Wanner Paul', 46, 'mijlocas', 183, 'drept');

INSERT INTO JUCATOR
VALUES(184, 'Copado Lucas', 46, 'atacant', 184, 'drept');

INSERT INTO JUCATOR
VALUES(185, 'Lunev Andrey', 47, 'portar', 185, 'drept');

INSERT INTO JUCATOR
VALUES(186, 'Kossounou Odilon', 47, 'fundas', 186, 'drept');

INSERT INTO JUCATOR
VALUES(187, 'Baumgartlinger Julian', 47, 'mijlocas', 187, 'stang');

INSERT INTO JUCATOR
VALUES(188, 'Paulinho', 47, 'atacant', 188, 'drept');

INSERT INTO JUCATOR
VALUES(189, 'Tschauner Philipp', 48, 'portar', 189, 'stang');

INSERT INTO JUCATOR
VALUES(190, 'Adams Tyler', 48, 'fundas', 190, 'stang');

INSERT INTO JUCATOR
VALUES(191, 'Laimer Konrad', 48, 'mijlocas', 191, 'stang');

INSERT INTO JUCATOR
VALUES(192, 'Novoa Ramos Hugo', 48, 'atacant', 192, 'stang');

INSERT INTO JUCATOR
VALUES(193, 'Ronnow Frederik', 49, 'portar', 193, 'drept');

INSERT INTO JUCATOR
VALUES(194, 'Oczipka Bastian', 49, 'fundas', 194, 'drept');

INSERT INTO JUCATOR
VALUES(195, 'Mohwald Kevin', 49, 'mijlocas', 195, 'drept');

INSERT INTO JUCATOR
VALUES(196, 'Endo Keita', 49, 'atacant', 196, 'drept');

INSERT INTO JUCATOR
VALUES(197, 'Flekken Mark', 50, 'portar', 197, 'stang');

INSERT INTO JUCATOR
VALUES(198, 'Schlotterbeck Keven', 50, 'fundas', 198, 'stang');

INSERT INTO JUCATOR
VALUES(199, 'Sallai Roland', 50, 'mijlocas', 199, 'stang');

INSERT INTO JUCATOR
VALUES(200, 'Holer Lucas', 50, 'atacant', 200, 'drept');

INSERT INTO JUCATOR
VALUES(201, 'Horn Timo', 51, 'portar', 201, 'stang');

INSERT INTO JUCATOR
VALUES(202, 'Kilian Luca Jannis', 51, 'fundas', 202, 'drept');

INSERT INTO JUCATOR
VALUES(203, 'Thielmann Jan', 51, 'mijlocas', 203, 'stang');

INSERT INTO JUCATOR
VALUES(204, 'Andersson Sebastian', 51, 'atacant', 204, 'stang');

INSERT INTO JUCATOR
VALUES(205, 'Zentner Robin', 52, 'portar', 205, 'drept');

INSERT INTO JUCATOR
VALUES(206, 'Brosinski Daniel', 52, 'fundas', 206, 'drept');

INSERT INTO JUCATOR
VALUES(207, 'Stach Anton', 52, 'mijlocas', 207, 'drept');

INSERT INTO JUCATOR
VALUES(208, 'Burkardt Jonathan', 52, 'atacant', 208, 'stang');

INSERT INTO JUCATOR
VALUES(209, 'Pentke Philipp', 53, 'portar', 209, 'stang');

INSERT INTO JUCATOR
VALUES(210, 'Vogt Kevin', 53, 'fundas', 210, 'stang');

INSERT INTO JUCATOR
VALUES(211, 'Dabbur Munas', 53, 'mijlocas', 211, 'stang');

INSERT INTO JUCATOR
VALUES(212, 'Asllani Fisnik', 53, 'atacant', 212, 'stang');

INSERT INTO JUCATOR
VALUES(213, 'Sippel Tobias', 54, 'portar', 213, 'drept');

INSERT INTO JUCATOR
VALUES(214, 'Ginter Matthias', 54, 'fundas', 214, 'stang');

INSERT INTO JUCATOR
VALUES(215, 'Musel Torben', 54, 'mijlocas', 215, 'drept');

INSERT INTO JUCATOR
VALUES(216, 'Plea Alassane', 54, 'atacant', 216, 'drept');

INSERT INTO JUCATOR
VALUES(217, 'Trapp Kevin', 55, 'portar', 217, 'drept');

INSERT INTO JUCATOR
VALUES(218, 'Chandler Timothy', 55, 'fundas', 218, 'drept');

INSERT INTO JUCATOR
VALUES(219, 'Ilsanker Stefan', 55, 'mijlocas', 219, 'drept');

INSERT INTO JUCATOR
VALUES(220, 'Ache Ragnar', 55, 'atacant', 220, 'drept');

INSERT INTO JUCATOR
VALUES(221, 'Casteels Koen', 56, 'portar', 221, 'drept');

INSERT INTO JUCATOR
VALUES(222, 'Brooks John', 56, 'fundas', 222, 'drept');

INSERT INTO JUCATOR
VALUES(223, 'Baku Ridle', 56, 'mijlocas', 223, 'stang');

INSERT INTO JUCATOR
VALUES(224, 'Lukebakio Dodi', 56, 'atacant', 224, 'stang');

INSERT INTO JUCATOR
VALUES(225, 'Esser Michael', 57, 'portar', 225, 'stang');

INSERT INTO JUCATOR
VALUES(226, 'Decarli Saulo', 57, 'fundas', 226, 'stang');

INSERT INTO JUCATOR
VALUES(227, 'Losilla Anthony', 57, 'mijlocas', 227, 'drept');

INSERT INTO JUCATOR
VALUES(228, 'Locadia Jurgen', 57, 'atacant', 228, 'drept');

INSERT INTO JUCATOR
VALUES(229, 'Gikiewicz Rafal', 58, 'portar', 229, 'drept');

INSERT INTO JUCATOR
VALUES(230, 'Winther Frederik', 58, 'fundas', 230, 'stang');

INSERT INTO JUCATOR
VALUES(231, 'Gruezo Carlos', 58, 'mijlocas', 231, 'stang');

INSERT INTO JUCATOR
VALUES(232, 'Gregoritsch Michael', 58, 'atacant', 232, 'drept');

INSERT INTO JUCATOR
VALUES(233, 'Muller Florian', 59, 'portar', 233, 'stang');

INSERT INTO JUCATOR
VALUES(234, 'Anton Waldemar', 59, 'fundas', 234, 'stang');

INSERT INTO JUCATOR
VALUES(235, 'Mangala Orel', 59, 'mijlocas', 235, 'drept');

INSERT INTO JUCATOR
VALUES(236, 'Karazor Atakan', 59, 'atacant', 236, 'drept');

INSERT INTO JUCATOR
VALUES(237, 'Christensen Oliver', 60, 'portar', 237, 'drept');

INSERT INTO JUCATOR
VALUES(238, 'Plattenhardt Marvin', 60, 'fundas', 238, 'drept');

INSERT INTO JUCATOR
VALUES(239, 'Ekkelenkamp Jurgen', 60, 'mijlocas', 239, 'drept');

INSERT INTO JUCATOR
VALUES(240, 'Jovetic Stevan', 60, 'atacant', 240, 'stang');

INSERT INTO JUCATOR
VALUES(241, 'Ortega Stefan', 61, 'portar', 241, 'stang');

INSERT INTO JUCATOR
VALUES(242, 'Bello George', 61, 'fundas', 242, 'stang');

INSERT INTO JUCATOR
VALUES(243, 'Vasiliadis Sebastian', 61, 'mijlocas', 243, 'stang');

INSERT INTO JUCATOR
VALUES(244, 'Klos Fabian', 61, 'atacant', 244, 'drept');

INSERT INTO JUCATOR
VALUES(245, 'Funk Marius', 62, 'portar', 245, 'drept');

INSERT INTO JUCATOR
VALUES(246, 'Dudziak Jeremy', 62, 'fundas', 246, 'drept');

INSERT INTO JUCATOR
VALUES(247, 'Raschl Tobias', 62, 'mijlocas', 247, 'drept');

INSERT INTO JUCATOR
VALUES(248, 'Pululu Afimico', 62, 'atacant', 248, 'drept');

INSERT INTO JUCATOR
VALUES(249, 'Letellier Alexandre', 63, 'portar', 249, 'stang');

INSERT INTO JUCATOR
VALUES(250, 'Ramos Sergio', 63, 'fundas', 250, 'drept');

INSERT INTO JUCATOR
VALUES(251, 'Draxler Julian', 63, 'mijlocas', 251, 'drept');

INSERT INTO JUCATOR
VALUES(252, 'Neymar', 63, 'atacant', 252, 'stang');

INSERT INTO JUCATOR
VALUES(253, 'Lopez Pau', 64, 'portar', 253, 'stang');

INSERT INTO JUCATOR
VALUES(254, 'Balerdi Leonardo', 64, 'fundas', 254, 'drept');

INSERT INTO JUCATOR
VALUES(255, 'Harit Amine', 64, 'mijlocas', 255, 'drept');

INSERT INTO JUCATOR
VALUES(256, 'de La Fuente Konrad', 64, 'atacant', 256, 'stang');

INSERT INTO JUCATOR
VALUES(257, 'Nubel Alexander', 65, 'portar', 257, 'stang');

INSERT INTO JUCATOR
VALUES(258, 'Disasi Axel', 65, 'fundas', 258, 'stang');

INSERT INTO JUCATOR
VALUES(259, 'Akliouche Maghnes', 65, 'mijlocas', 259, 'stang');

INSERT INTO JUCATOR
VALUES(260, 'Martins Gelson', 65, 'atacant', 260, 'drept');

INSERT INTO JUCATOR
VALUES(261, 'Salin Romain', 66, 'portar', 261, 'drept');

INSERT INTO JUCATOR
VALUES(262, 'Truffert Adrien', 66, 'fundas', 262, 'stang');

INSERT INTO JUCATOR
VALUES(263, 'Sulemana Kamaldeen', 66, 'mijlocas', 263, 'drept');

INSERT INTO JUCATOR
VALUES(264, 'Laborde Gaetan', 66, 'atacant', 264, 'stang');

INSERT INTO JUCATOR
VALUES(265, 'Bulka Marcin', 67, 'portar', 265, 'stang');

INSERT INTO JUCATOR
VALUES(266, 'Bard Melvin', 67, 'fundas', 266, 'stang');

INSERT INTO JUCATOR
VALUES(267, 'Lemina Mario', 67, 'mijlocas', 267, 'stang');

INSERT INTO JUCATOR
VALUES(268, 'Brahimi Bilal', 67, 'atacant', 268, 'drept');

INSERT INTO JUCATOR
VALUES(269, 'Kawashima Eiji', 68, 'portar', 269, 'drept');

INSERT INTO JUCATOR
VALUES(270, 'Caci Anthony', 68, 'fundas', 270, 'stang');

INSERT INTO JUCATOR
VALUES(271, 'Thomasson Adrien', 68, 'mijlocas', 271, 'drept');

INSERT INTO JUCATOR
VALUES(272, 'Ajorque Ludovic', 68, 'atacant', 272, 'stang');

INSERT INTO JUCATOR
VALUES(273, 'Leca Jean-Louis', 69, 'portar', 273, 'stang');

INSERT INTO JUCATOR
VALUES(274, 'Machado Deiver', 69, 'fundas', 274, 'drept');

INSERT INTO JUCATOR
VALUES(275, 'Kakuta Gael', 69, 'mijlocas', 275, 'stang');

INSERT INTO JUCATOR
VALUES(276, 'Kalimuendo Arnaud', 69, 'atacant', 276, 'stang');

INSERT INTO JUCATOR
VALUES(277, 'Lopes Anthony', 70, 'portar', 277, 'stang');

INSERT INTO JUCATOR
VALUES(278, 'Boateng Jerome', 70, 'fundas', 278, 'drept');

INSERT INTO JUCATOR
VALUES(279, 'Faivre Romain', 70, 'mijlocas', 279, 'stang');

INSERT INTO JUCATOR
VALUES(280, 'Tete', 70, 'atacant', 280, 'drept');

INSERT INTO JUCATOR
VALUES(281, 'Lafont Alban', 71, 'portar', 281, 'stang');

INSERT INTO JUCATOR
VALUES(282, 'Fabio', 71, 'fundas', 282, 'drept');

INSERT INTO JUCATOR
VALUES(283, 'Perreira de Sa Roli', 71, 'mijlocas', 283, 'stang');

INSERT INTO JUCATOR
VALUES(284, 'Simon Moses', 71, 'atacant', 284, 'drept');

INSERT INTO JUCATOR
VALUES(285, 'Grbic Ivo', 72, 'portar', 285, 'drept');

INSERT INTO JUCATOR
VALUES(286, 'Djalo Tiago', 72, 'fundas', 286, 'drept');

INSERT INTO JUCATOR
VALUES(287, 'Andre Benjamin', 72, 'mijlocas', 287, 'stang');

INSERT INTO JUCATOR
VALUES(288, 'Zhegrova Edon', 72, 'atacant', 288, 'stang');

INSERT INTO JUCATOR
VALUES(289, 'Bizot Marco', 73, 'portar', 289, 'stang');

INSERT INTO JUCATOR
VALUES(290, 'Duverne Jean-Kevin', 73, 'fundas', 290, 'stang');

INSERT INTO JUCATOR
VALUES(291, 'Mbock Hiang`a', 73, 'mijlocas', 291, 'stang');

INSERT INTO JUCATOR
VALUES(292, 'Belaili Youcef', 73, 'atacant', 292, 'drept');

INSERT INTO JUCATOR
VALUES(293, 'Rajkovic Predrag', 74, 'portar', 293, 'drept');

INSERT INTO JUCATOR
VALUES(294, 'Locko Bradley', 74, 'fundas', 294, 'stang');

INSERT INTO JUCATOR
VALUES(295, 'Koeberle Samuel', 74, 'mijlocas', 295, 'drept');

INSERT INTO JUCATOR
VALUES(296, 'Flips Alexis', 74, 'atacant', 296, 'stang');

INSERT INTO JUCATOR
VALUES(297, 'Bertaud Dimitry', 75, 'portar', 297, 'drept');

INSERT INTO JUCATOR
VALUES(298, 'Sakho Mamadou', 75, 'fundas', 298, 'drept');

INSERT INTO JUCATOR
VALUES(299, 'Ferri Jordan', 75, 'mijlocas', 299, 'drept');

INSERT INTO JUCATOR
VALUES(300, 'Wahi Elye', 75, 'atacant', 300, 'stang');

INSERT INTO JUCATOR
VALUES(301, 'Mandrea Anthony', 76, 'portar', 301, 'drept');

INSERT INTO JUCATOR
VALUES(302, 'Fulgini Angelo', 76, 'fundas', 302, 'stang');

INSERT INTO JUCATOR
VALUES(303, 'Cabot Jimmy', 76, 'mijlocas', 303, 'stang');

INSERT INTO JUCATOR
VALUES(304, 'Fatar Noah', 76, 'atacant', 304, 'drept');

INSERT INTO JUCATOR
VALUES(305, 'Gallon Gauthier', 77, 'portar', 305, 'stang');

INSERT INTO JUCATOR
VALUES(306, 'El Hajjam Oualid', 77, 'fundas', 306, 'stang');

INSERT INTO JUCATOR
VALUES(307, 'Chambost Dylan', 77, 'mijlocas', 307, 'stang');

INSERT INTO JUCATOR
VALUES(308, 'Mothiba Lebo', 77, 'atacant', 308, 'drept');

INSERT INTO JUCATOR
VALUES(309, 'Dreyer Matthieu', 78, 'portar', 309, 'drept');

INSERT INTO JUCATOR
VALUES(310, 'Laporte Julien', 78, 'fundas', 310, 'stang');

INSERT INTO JUCATOR
VALUES(311, 'Le Fee Enzo', 78, 'mijlocas', 311, 'drept');

INSERT INTO JUCATOR
VALUES(312, 'Kone Ibrahima', 78, 'atacant', 312, 'drept');

INSERT INTO JUCATOR
VALUES(313, 'Djoco Ouparine', 79, 'portar', 313, 'stang');

INSERT INTO JUCATOR
VALUES(314, 'Hountondji Cedric', 79, 'fundas', 314, 'stang');

INSERT INTO JUCATOR
VALUES(315, 'Allevinah Jim', 79, 'mijlocas', 315, 'drept');

INSERT INTO JUCATOR
VALUES(316, 'Rashani Elbasan', 79, 'atacant', 316, 'stang');

INSERT INTO JUCATOR
VALUES(317, 'Bernardoni Paul', 80, 'portar', 317, 'drept');

INSERT INTO JUCATOR
VALUES(318, 'Nade Mickael', 80, 'fundas', 318, 'drept');

INSERT INTO JUCATOR
VALUES(319, 'Neyou Yvan', 80, 'mijlocas', 319, 'stang');

INSERT INTO JUCATOR
VALUES(320, 'Lhery Yanis', 80, 'atacant', 320, 'drept');

INSERT INTO JUCATOR
VALUES(321, 'Caillard Marc-Aurele', 81, 'portar', 321, 'drept');

INSERT INTO JUCATOR
VALUES(322, 'Centonze Fabien', 81, 'fundas', 322, 'stang');

INSERT INTO JUCATOR
VALUES(323, 'Joseph Lenny', 81, 'mijlocas', 323, 'drept');

INSERT INTO JUCATOR
VALUES(324, 'de Preville Nicolas', 81, 'atacant', 324, 'stang');

INSERT INTO JUCATOR
VALUES(325, 'Poussin Gaetan', 82, 'portar', 325, 'drept');

INSERT INTO JUCATOR
VALUES(326, 'Kwateng Enock', 82, 'fundas', 326, 'drept');

INSERT INTO JUCATOR
VALUES(327, 'Adli Yacine', 82, 'mijlocas', 327, 'drept');

INSERT INTO JUCATOR
VALUES(328, 'Niang M`Baye', 82, 'atacant', 328, 'drept');

INSERT INTO JUCATOR
VALUES(329, 'Lunin Andriy', 83, 'portar', 329, 'drept');

INSERT INTO JUCATOR
VALUES(330, 'Fernandez Nacho', 83, 'fundas', 330, 'stang');

INSERT INTO JUCATOR
VALUES(331, 'Camavinga Eduardo', 83, 'mijlocas', 331, 'stang');

INSERT INTO JUCATOR
VALUES(332, 'Diaz Mariano', 83, 'atacant', 332, 'drept');

INSERT INTO JUCATOR
VALUES(333, 'Neto', 84, 'portar', 333, 'drept');

INSERT INTO JUCATOR
VALUES(334, 'Dani Alves', 84, 'fundas', 334, 'stang');

INSERT INTO JUCATOR
VALUES(335, 'Busquets Sergio', 84, 'mijlocas', 335, 'stang');

INSERT INTO JUCATOR
VALUES(336, 'Torres Ferran', 84, 'atacant', 336, 'drept');

INSERT INTO JUCATOR
VALUES(337, 'Oblak Jan', 85, 'portar', 337, 'stang');

INSERT INTO JUCATOR
VALUES(338, 'Felipe', 85, 'fundas', 338, 'stang');

INSERT INTO JUCATOR
VALUES(339, 'Martin Carlos', 85, 'mijlocas', 339, 'stang');

INSERT INTO JUCATOR
VALUES(340, 'Joao Felix', 85, 'atacant', 340, 'drept');

INSERT INTO JUCATOR
VALUES(341, 'Bono', 86, 'portar', 341, 'drept');

INSERT INTO JUCATOR
VALUES(342, 'Acuna Marcos', 86, 'fundas', 342, 'drept');

INSERT INTO JUCATOR
VALUES(343, 'Corona Jesus', 86, 'mijlocas', 343, 'stang');

INSERT INTO JUCATOR
VALUES(344, 'El Haddadi Munir', 86, 'atacant', 344, 'drept');

INSERT INTO JUCATOR
VALUES(345, 'Bravo Claudio', 87, 'portar', 345, 'drept');

INSERT INTO JUCATOR
VALUES(346, 'Pezzella German', 87, 'fundas', 346, 'stang');

INSERT INTO JUCATOR
VALUES(347, 'Rodriguez Guido', 87, 'mijlocas', 347, 'drept');

INSERT INTO JUCATOR
VALUES(348, 'Willian Jose', 87, 'atacant', 348, 'stang');

INSERT INTO JUCATOR
VALUES(349, 'Ryan Mathew', 88, 'portar', 349, 'stang');

INSERT INTO JUCATOR
VALUES(350, 'Pacheco Jon', 88, 'fundas', 350, 'drept');

INSERT INTO JUCATOR
VALUES(351, 'Rafinha', 88, 'mijlocas', 351, 'stang');

INSERT INTO JUCATOR
VALUES(352, 'Lobete Julen', 88, 'atacant', 352, 'stang');

INSERT INTO JUCATOR
VALUES(353, 'Rulli Geronimo', 89, 'portar', 353, 'drept');

INSERT INTO JUCATOR
VALUES(354, 'Foyth Juan', 89, 'fundas', 354, 'stang');

INSERT INTO JUCATOR
VALUES(355, 'Iosifov Nikita', 89, 'mijlocas', 355, 'stang');

INSERT INTO JUCATOR
VALUES(356, 'Danjuma Arnaut', 89, 'atacant', 356, 'drept');

INSERT INTO JUCATOR
VALUES(357, 'Agirrezabala Julen', 90, 'portar', 357, 'stang');

INSERT INTO JUCATOR
VALUES(358, 'Martinez Inigo', 90, 'fundas', 358, 'drept');

INSERT INTO JUCATOR
VALUES(359, 'Williams Nico', 90, 'mijlocas', 359, 'stang');

INSERT INTO JUCATOR
VALUES(360, 'Villalibre Asier', 90, 'atacant', 360, 'drept');

INSERT INTO JUCATOR
VALUES(361, 'Mamardashvili Giorgi', 91, 'portar', 361, 'stang');

INSERT INTO JUCATOR
VALUES(362, 'Iranzo Ruben', 91, 'fundas', 362, 'drept');

INSERT INTO JUCATOR
VALUES(363, 'Racic Uros', 91, 'mijlocas', 363, 'stang');

INSERT INTO JUCATOR
VALUES(364, 'Gil Bryan', 91, 'atacant', 364, 'drept');

INSERT INTO JUCATOR
VALUES(365, 'Herrera Sergio', 92, 'portar', 365, 'drept');

INSERT INTO JUCATOR
VALUES(366, 'Garcia Unai', 92, 'fundas', 366, 'drept');

INSERT INTO JUCATOR
VALUES(367, 'Torro Lucas', 92, 'mijlocas', 367, 'stang');

INSERT INTO JUCATOR
VALUES(368, 'Benito Iker', 92, 'atacant', 368, 'drept');

INSERT INTO JUCATOR
VALUES(369, 'Dituro Matias', 93, 'portar', 369, 'stang');

INSERT INTO JUCATOR
VALUES(370, 'Aidoo Joseph', 93, 'fundas', 370, 'drept');

INSERT INTO JUCATOR
VALUES(371, 'Solari Augusto', 93, 'mijlocas', 371, 'drept');

INSERT INTO JUCATOR
VALUES(372, 'Mina Santi', 93, 'atacant', 372, 'stang');

INSERT INTO JUCATOR
VALUES(373, 'Zidane Luca', 94, 'portar', 373, 'stang');

INSERT INTO JUCATOR
VALUES(374, 'Ciss Pathe', 94, 'fundas', 374, 'stang');

INSERT INTO JUCATOR
VALUES(375, 'Lopez Unai', 94, 'mijlocas', 375, 'drept');

INSERT INTO JUCATOR
VALUES(376, 'Guardiola Sergio', 94, 'atacant', 376, 'stang');

INSERT INTO JUCATOR
VALUES(377, 'Badia Edgar', 95, 'portar', 377, 'drept');

INSERT INTO JUCATOR
VALUES(378, 'Olaza Lucas', 95, 'fundas', 378, 'stang');

INSERT INTO JUCATOR
VALUES(379, 'Marcone Ivan', 95, 'mijlocas', 379, 'drept');

INSERT INTO JUCATOR
VALUES(380, 'Ponce Ezequiel', 95, 'atacant', 380, 'drept');

INSERT INTO JUCATOR
VALUES(381, 'Olazabal Oier', 96, 'portar', 381, 'drept');

INSERT INTO JUCATOR
VALUES(382, 'Miguelon', 96, 'fundas', 382, 'stang');

INSERT INTO JUCATOR
VALUES(383, 'Melamed Nico', 96, 'mijlocas', 383, 'stang');

INSERT INTO JUCATOR
VALUES(384, 'de Tomas Raul', 96, 'atacant', 384, 'drept');

INSERT INTO JUCATOR
VALUES(385, 'Soria David', 97, 'portar', 385, 'drept');

INSERT INTO JUCATOR
VALUES(386, 'Suarez Damian', 97, 'fundas', 386, 'drept');

INSERT INTO JUCATOR
VALUES(387, 'Vitolo', 97, 'mijlocas', 387, 'drept');

INSERT INTO JUCATOR
VALUES(388, 'Unal Enes', 97, 'atacant', 388, 'stang');

INSERT INTO JUCATOR
VALUES(389, 'Rico Sergio', 98, 'portar', 389, 'drept');

INSERT INTO JUCATOR
VALUES(390, 'Raillo Antonio', 98, 'fundas', 390, 'drept');

INSERT INTO JUCATOR
VALUES(391, 'Ruiz de Galarreta Inigo', 98, 'mijlocas', 391, 'drept');

INSERT INTO JUCATOR
VALUES(392, 'Nino Fer', 98, 'atacant', 392, 'drept');

INSERT INTO JUCATOR
VALUES(393, 'Ledesma Jeremias', 99, 'portar', 393, 'drept');

INSERT INTO JUCATOR
VALUES(394, 'Arzamendia Santiago', 99, 'fundas', 394, 'drept');

INSERT INTO JUCATOR
VALUES(395, 'Bastida Moya Alvaro', 99, 'mijlocas', 395, 'drept');

INSERT INTO JUCATOR
VALUES(396, 'Perea Alberto', 99, 'atacant', 396, 'stang');

INSERT INTO JUCATOR
VALUES(397, 'Maximiano Luis', 100, 'portar', 397, 'stang');

INSERT INTO JUCATOR
VALUES(398, 'Torrente Raul', 100, 'fundas', 398, 'drept');

INSERT INTO JUCATOR
VALUES(399, 'Milla Luis', 100, 'mijlocas', 399, 'stang');

INSERT INTO JUCATOR
VALUES(400, 'Suarez Luis', 100, 'atacant', 400, 'stang');

INSERT INTO JUCATOR
VALUES(401, 'Cardenas Dani', 101, 'portar', 401, 'drept');

INSERT INTO JUCATOR
VALUES(402, 'Coke', 101, 'fundas', 402, 'stang');

INSERT INTO JUCATOR
VALUES(403, 'Son', 101, 'mijlocas', 403, 'drept');

INSERT INTO JUCATOR
VALUES(404, 'Soldado Roberto', 101, 'atacant', 404, 'drept');

INSERT INTO JUCATOR
VALUES(405, 'Pacheco Fernando', 102, 'portar', 405, 'drept');

INSERT INTO JUCATOR
VALUES(406, 'Garcia Saul', 102, 'fundas', 406, 'stang');

INSERT INTO JUCATOR
VALUES(407, 'Garcia Manu', 102, 'mijlocas', 407, 'drept');

INSERT INTO JUCATOR
VALUES(408, 'Tenas Marc', 102, 'atacant', 408, 'stang');

INSERT INTO JUCATOR
VALUES(409, 'Maignan Mike', 103, 'portar', 409, 'stang');

INSERT INTO JUCATOR
VALUES(410, 'Tomori Fikayo', 103, 'fundas', 410, 'stang');

INSERT INTO JUCATOR
VALUES(411, 'Kessie Franck', 103, 'mijlocas', 411, 'stang');

INSERT INTO JUCATOR
VALUES(412, 'Rebic Ante', 103, 'atacant', 412, 'stang');

INSERT INTO JUCATOR
VALUES(413, 'Radu Ionut', 104, 'portar', 413, 'stang');

INSERT INTO JUCATOR
VALUES(414, 'Darmian Matteo', 104, 'fundas', 414, 'stang');

INSERT INTO JUCATOR
VALUES(415, 'Vecino Matias', 104, 'mijlocas', 415, 'stang');

INSERT INTO JUCATOR
VALUES(416, 'Caicedo Felipe', 104, 'atacant', 416, 'drept');

INSERT INTO JUCATOR
VALUES(417, 'Marfella Davide', 105, 'portar', 417, 'stang');

INSERT INTO JUCATOR
VALUES(418, 'Malcuit Kevin', 105, 'fundas', 418, 'drept');

INSERT INTO JUCATOR
VALUES(419, 'Ruiz Fabian', 105, 'mijlocas', 419, 'stang');

INSERT INTO JUCATOR
VALUES(420, 'Lozano Hirving', 105, 'atacant', 420, 'drept');

INSERT INTO JUCATOR
VALUES(421, 'Szczesny Wojciech', 106, 'portar', 421, 'stang');

INSERT INTO JUCATOR
VALUES(422, 'Chiellini Giorgio', 106, 'fundas', 422, 'drept');

INSERT INTO JUCATOR
VALUES(423, 'Zakaria Denis', 106, 'mijlocas', 423, 'drept');

INSERT INTO JUCATOR
VALUES(424, 'Soule Matias', 106, 'atacant', 424, 'stang');

INSERT INTO JUCATOR
VALUES(425, 'Strakosha Thomas', 107, 'portar', 425, 'stang');

INSERT INTO JUCATOR
VALUES(426, 'Kamenovic Dimitrije', 107, 'fundas', 426, 'stang');

INSERT INTO JUCATOR
VALUES(427, 'Milinkovic-Savic Sergej', 107, 'mijlocas', 427, 'stang');

INSERT INTO JUCATOR
VALUES(428, 'Immobile Ciro', 107, 'atacant', 428, 'drept');

INSERT INTO JUCATOR
VALUES(429, 'Patricio Rui', 108, 'portar', 429, 'drept');

INSERT INTO JUCATOR
VALUES(430, 'Maitland-Niles Ainsley', 108, 'fundas', 430, 'drept');

INSERT INTO JUCATOR
VALUES(431, 'Veretout Jordan', 108, 'mijlocas', 431, 'stang');

INSERT INTO JUCATOR
VALUES(432, 'Shomurodov Eldor', 108, 'atacant', 432, 'drept');

INSERT INTO JUCATOR
VALUES(433, 'Dragowski Bartlomiej', 109, 'portar', 433, 'stang');

INSERT INTO JUCATOR
VALUES(434, 'Milenkovic Nikola', 109, 'fundas', 434, 'stang');

INSERT INTO JUCATOR
VALUES(435, 'Torreira Lucas', 109, 'mijlocas', 435, 'stang');

INSERT INTO JUCATOR
VALUES(436, 'Cabral Arthur', 109, 'atacant', 436, 'drept');

INSERT INTO JUCATOR
VALUES(437, 'Rossi Francesco', 110, 'portar', 437, 'drept');

INSERT INTO JUCATOR
VALUES(438, 'Scalvini Giorgio', 110, 'fundas', 438, 'stang');

INSERT INTO JUCATOR
VALUES(439, 'de Roon Marten', 110, 'mijlocas', 439, 'drept');

INSERT INTO JUCATOR
VALUES(440, 'Muriel Luis', 110, 'atacant', 440, 'stang');

INSERT INTO JUCATOR
VALUES(441, 'Pandur Ivor', 111, 'portar', 441, 'drept');

INSERT INTO JUCATOR
VALUES(442, 'Casale Nicolo', 111, 'fundas', 442, 'stang');

INSERT INTO JUCATOR
VALUES(443, 'Depaoli Fabio', 111, 'mijlocas', 443, 'stang');

INSERT INTO JUCATOR
VALUES(444, 'Simeone Giovanni', 111, 'atacant', 444, 'drept');

INSERT INTO JUCATOR
VALUES(445, 'Milinkovic-Savic Vanja', 112, 'portar', 445, 'drept');

INSERT INTO JUCATOR
VALUES(446, 'Ansaldi Cristian', 112, 'fundas', 446, 'stang');

INSERT INTO JUCATOR
VALUES(447, 'Pjaca Marko', 112, 'mijlocas', 447, 'drept');

INSERT INTO JUCATOR
VALUES(448, 'Brekalo Josip', 112, 'atacant', 448, 'stang');

INSERT INTO JUCATOR
VALUES(449, 'Consigli Andrea', 113, 'portar', 449, 'drept');

INSERT INTO JUCATOR
VALUES(450, 'Rogerio', 113, 'fundas', 450, 'stang');

INSERT INTO JUCATOR
VALUES(451, 'Matheus Henrique', 113, 'mijlocas', 451, 'drept');

INSERT INTO JUCATOR
VALUES(452, 'Raspadori Giacomo', 113, 'atacant', 452, 'drept');

INSERT INTO JUCATOR
VALUES(453, 'Padelli Daniele', 114, 'portar', 453, 'drept');

INSERT INTO JUCATOR
VALUES(454, 'Becao Rodrigo', 114, 'fundas', 454, 'stang');

INSERT INTO JUCATOR
VALUES(455, 'Pereyra Roberto', 114, 'mijlocas', 455, 'drept');

INSERT INTO JUCATOR
VALUES(456, 'Pussetto Ignacio', 114, 'atacant', 456, 'stang');

INSERT INTO JUCATOR
VALUES(457, 'Skorupski Lukasz', 115, 'portar', 457, 'stang');

INSERT INTO JUCATOR
VALUES(458, 'De Silvestri Lorenzo', 115, 'fundas', 458, 'stang');

INSERT INTO JUCATOR
VALUES(459, 'Orsolini Riccardo', 115, 'mijlocas', 459, 'stang');

INSERT INTO JUCATOR
VALUES(460, 'Falcinelli Diego', 115, 'atacant', 460, 'drept');

INSERT INTO JUCATOR
VALUES(461, 'Vicario Guglielmo', 116, 'portar', 461, 'drept');

INSERT INTO JUCATOR
VALUES(462, 'Parisi Fabiano', 116, 'fundas', 462, 'drept');

INSERT INTO JUCATOR
VALUES(463, 'Benassi Marco', 116, 'mijlocas', 463, 'stang');

INSERT INTO JUCATOR
VALUES(464, 'Verre Valerio', 116, 'atacant', 464, 'drept');

INSERT INTO JUCATOR
VALUES(465, 'Falcone Wladimiro', 117, 'portar', 465, 'drept');

INSERT INTO JUCATOR
VALUES(466, 'Bereszynski Bartosz', 117, 'fundas', 466, 'stang');

INSERT INTO JUCATOR
VALUES(467, 'Trimboli Simone', 117, 'mijlocas', 467, 'stang');

INSERT INTO JUCATOR
VALUES(468, 'Gabbiadini Manolo', 117, 'atacant', 468, 'stang');

INSERT INTO JUCATOR
VALUES(469, 'Provedel Ivan', 118, 'portar', 469, 'stang');

INSERT INTO JUCATOR
VALUES(470, 'Hristov Petko', 118, 'fundas', 470, 'drept');

INSERT INTO JUCATOR
VALUES(471, 'Nikolaou Dimitrios', 118, 'mijlocas', 471, 'drept');

INSERT INTO JUCATOR
VALUES(472, 'Salcedo Mora Eddy Anthony', 118, 'atacant', 472, 'drept');

INSERT INTO JUCATOR
VALUES(473, 'Sepe Luigi', 119, 'portar', 473, 'stang');

INSERT INTO JUCATOR
VALUES(474, 'Mazzocchi Pasquale', 119, 'fundas', 474, 'stang');

INSERT INTO JUCATOR
VALUES(475, 'Motoc Andrei', 119, 'mijlocas', 475, 'drept');

INSERT INTO JUCATOR
VALUES(476, 'Perotti Diego', 119, 'atacant', 476, 'drept');

INSERT INTO JUCATOR
VALUES(477, 'Radunovic Boris', 120, 'portar', 477, 'stang');

INSERT INTO JUCATOR
VALUES(478, 'Obert Adam', 120, 'fundas', 478, 'drept');

INSERT INTO JUCATOR
VALUES(479, 'Kourfalidis Christos', 120, 'mijlocas', 479, 'drept');

INSERT INTO JUCATOR
VALUES(480, 'Ceter Damir', 120, 'atacant', 480, 'stang');

INSERT INTO JUCATOR
VALUES(481, 'Sirigu Salvatore', 121, 'portar', 481, 'stang');

INSERT INTO JUCATOR
VALUES(482, 'Bani Mattia', 121, 'fundas', 482, 'drept');

INSERT INTO JUCATOR
VALUES(483, 'Melegoni Filippo', 121, 'mijlocas', 483, 'drept');

INSERT INTO JUCATOR
VALUES(484, 'Kallon Yayah', 121, 'atacant', 484, 'drept');

INSERT INTO JUCATOR
VALUES(485, 'Romero Sergio', 122, 'portar', 485, 'drept');

INSERT INTO JUCATOR
VALUES(486, 'Ullmann Maxmilian', 122, 'fundas', 486, 'stang');

INSERT INTO JUCATOR
VALUES(487, 'Peretz Dor', 122, 'mijlocas', 487, 'drept');

INSERT INTO JUCATOR
VALUES(488, 'Bah Issa', 122, 'atacant', 488, 'stang');

INSERT INTO JUCATOR
VALUES(489, 'Hindrich Otto', 123, 'portar', 489, 'stang');

INSERT INTO JUCATOR
VALUES(490, 'Dimitrov Kristian', 123, 'fundas', 490, 'stang');

INSERT INTO JUCATOR
VALUES(491, 'Negut Cristian', 123, 'mijlocas', 491, 'stang');

INSERT INTO JUCATOR
VALUES(492, 'Birligea Daniel', 123, 'atacant', 492, 'drept');

INSERT INTO JUCATOR
VALUES(493, 'Tarnovanu Stefan', 124, 'portar', 493, 'stang');

INSERT INTO JUCATOR
VALUES(494, 'Serban Sorin', 124, 'fundas', 494, 'drept');

INSERT INTO JUCATOR
VALUES(495, 'Popescu Ovidiu', 124, 'mijlocas', 495, 'drept');

INSERT INTO JUCATOR
VALUES(496, 'Olaru Darius', 124, 'atacant', 496, 'drept');

INSERT INTO JUCATOR
VALUES(497, 'Pigliacelli Mirko', 125, 'portar', 497, 'drept');

INSERT INTO JUCATOR
VALUES(498, 'Vatajelu Bogdan', 125, 'fundas', 498, 'drept');

INSERT INTO JUCATOR
VALUES(499, 'Bic Ovidiu', 125, 'mijlocas', 499, 'drept');

INSERT INTO JUCATOR
VALUES(500, 'Cretu Alexandru', 125, 'atacant', 500, 'drept');

INSERT INTO JUCATOR
VALUES(501, 'Greab Alexandru', 126, 'portar', 501, 'stang');

INSERT INTO JUCATOR
VALUES(502, 'Latovlevici Iasmin', 126, 'fundas', 502, 'stang');

INSERT INTO JUCATOR
VALUES(503, 'Isfan Alexandru', 126, 'mijlocas', 503, 'drept');

INSERT INTO JUCATOR
VALUES(504, 'Ganea George', 126, 'atacant', 504, 'drept');

INSERT INTO JUCATOR
VALUES(505, 'Aioani Mihai', 127, 'portar', 505, 'stang');

INSERT INTO JUCATOR
VALUES(506, 'Birzu Teodor', 127, 'fundas', 506, 'drept');

INSERT INTO JUCATOR
VALUES(507, 'Romario', 127, 'mijlocas', 507, 'stang');

INSERT INTO JUCATOR
VALUES(508, 'Bodisteanu Stefan', 127, 'atacant', 508, 'drept');

INSERT INTO JUCATOR
VALUES(509, 'Popa Mihai', 128, 'portar', 509, 'drept');

INSERT INTO JUCATOR
VALUES(510, 'Achim Cosmin', 128, 'fundas', 510, 'stang');

INSERT INTO JUCATOR
VALUES(511, 'Gheorghe Ion', 128, 'mijlocas', 511, 'stang');

INSERT INTO JUCATOR
VALUES(512, 'Nemec Adam', 128, 'atacant', 512, 'drept');

INSERT INTO JUCATOR
VALUES(513, 'Pap Eduard', 129, 'portar', 513, 'drept');

INSERT INTO JUCATOR
VALUES(514, 'Dawa Joyskim', 129, 'fundas', 514, 'stang');

INSERT INTO JUCATOR
VALUES(515, 'Roman Mihai', 129, 'mijlocas', 515, 'stang');

INSERT INTO JUCATOR
VALUES(516, 'Papa Enriko', 129, 'atacant', 516, 'stang');

INSERT INTO JUCATOR
VALUES(517, 'Pop Rares', 130, 'portar', 517, 'drept');

INSERT INTO JUCATOR
VALUES(518, 'Erico', 130, 'fundas', 518, 'stang');

INSERT INTO JUCATOR
VALUES(519, 'Isac Damian', 130, 'mijlocas', 519, 'stang');

INSERT INTO JUCATOR
VALUES(520, 'Ongaro Easton', 130, 'atacant', 520, 'drept');

INSERT INTO JUCATOR
VALUES(521, 'Draghia Virgil', 131, 'portar', 521, 'drept');

INSERT INTO JUCATOR
VALUES(522, 'Sapunaru Cristian', 131, 'fundas', 522, 'drept');

INSERT INTO JUCATOR
VALUES(523, 'Hlistei Catalin', 131, 'mijlocas', 523, 'drept');

INSERT INTO JUCATOR
VALUES(524, 'Despa Alexandru', 131, 'atacant', 524, 'drept');

INSERT INTO JUCATOR
VALUES(525, 'Niczuly Roland', 132, 'portar', 525, 'drept');

INSERT INTO JUCATOR
VALUES(526, 'Tincu Razvan', 132, 'fundas', 526, 'stang');

INSERT INTO JUCATOR
VALUES(527, 'Vasvari Gabriel', 132, 'mijlocas', 527, 'stang');

INSERT INTO JUCATOR
VALUES(528, 'Achahbar Anass', 132, 'atacant', 528, 'drept');

INSERT INTO JUCATOR
VALUES(529, 'Cabuz Catalin', 133, 'portar', 529, 'stang');

INSERT INTO JUCATOR
VALUES(530, 'Butean Mihai', 133, 'fundas', 530, 'drept');

INSERT INTO JUCATOR
VALUES(531, 'Popadiuc Doru', 133, 'mijlocas', 531, 'drept');

INSERT INTO JUCATOR
VALUES(532, 'Rusu Denis', 133, 'atacant', 532, 'drept');

INSERT INTO JUCATOR
VALUES(533, 'Popa Robert Dimitrie', 134, 'portar', 533, 'stang');

INSERT INTO JUCATOR
VALUES(534, 'Paramatti Lorenzo', 134, 'fundas', 534, 'stang');

INSERT INTO JUCATOR
VALUES(535, 'Miutescu Antonio', 134, 'mijlocas', 535, 'stang');

INSERT INTO JUCATOR
VALUES(536, 'Sidibe Sekou', 134, 'atacant', 536, 'drept');

INSERT INTO JUCATOR
VALUES(537, 'Ducan Razvan', 135, 'portar', 537, 'stang');

INSERT INTO JUCATOR
VALUES(538, 'Oancea Dorinel', 135, 'fundas', 538, 'drept');

INSERT INTO JUCATOR
VALUES(539, 'Mitrea Vlad', 135, 'mijlocas', 539, 'drept');

INSERT INTO JUCATOR
VALUES(540, 'Blanaru Stefan', 135, 'atacant', 540, 'drept');

INSERT INTO JUCATOR
VALUES(541, 'Mihai Esanu', 136, 'portar', 541, 'drept');

INSERT INTO JUCATOR
VALUES(542, 'Giafer Deniz', 136, 'fundas', 542, 'stang');

INSERT INTO JUCATOR
VALUES(543, 'Buleica Alin', 136, 'mijlocas', 543, 'stang');

INSERT INTO JUCATOR
VALUES(544, 'Irobiso Christian', 136, 'atacant', 544, 'drept');

INSERT INTO JUCATOR
VALUES(545, 'Bolboasa Mirel', 137, 'portar', 545, 'drept');

INSERT INTO JUCATOR
VALUES(546, 'Ionita Cosmin Ionut', 137, 'fundas', 546, 'drept');

INSERT INTO JUCATOR
VALUES(547, 'Iana Andrei', 137, 'mijlocas', 547, 'stang');

INSERT INTO JUCATOR
VALUES(548, 'Goma Steven', 137, 'atacant', 548, 'stang');

INSERT INTO JUCATOR
VALUES(549, 'Octavian Valceanu', 138, 'portar', 549, 'drept');

INSERT INTO JUCATOR
VALUES(550, 'Gabriel De Moura', 138, 'fundas', 550, 'drept');

INSERT INTO JUCATOR
VALUES(551, 'Ioan Filip', 138, 'mijlocas', 551, 'stang');

INSERT INTO JUCATOR
VALUES(552, 'Christian Irobiso', 138, 'atacant', 552, 'stang');

INSERT INTO JUCATOR
VALUES(553, 'Moroz Sebastian Valeriu', 139, 'portar', 553, 'stang');

INSERT INTO JUCATOR
VALUES(554, 'Ticu Valentin', 139, 'fundas', 554, 'stang');

INSERT INTO JUCATOR
VALUES(555, 'Cioiu Marius', 139, 'mijlocas', 555, 'drept');

INSERT INTO JUCATOR
VALUES(556, 'Jarovic Senad', 139, 'atacant', 556, 'drept');

INSERT INTO JUCATOR
VALUES(557, 'Gorcea Andrei Cristian', 140, 'portar', 557, 'stang');

INSERT INTO JUCATOR
VALUES(558, 'Gugu Costinel', 140, 'fundas', 558, 'stang');

INSERT INTO JUCATOR
VALUES(559, 'Ciobanu-Vanghele Marius Florian', 140, 'mijlocas', 559, 'stang');

INSERT INTO JUCATOR
VALUES(560, 'Balgiu Cristian', 140, 'atacant', 560, 'drept');

INSERT INTO JUCATOR
VALUES(561, 'Iliev Plamen', 141, 'portar', 561, 'stang');

INSERT INTO JUCATOR
VALUES(562, 'Oprut Raul', 141, 'fundas', 562, 'stang');

INSERT INTO JUCATOR
VALUES(563, 'Biceanu Ciprian', 141, 'mijlocas', 563, 'drept');

INSERT INTO JUCATOR
VALUES(564, 'Nastasie Ionut', 141, 'atacant', 564, 'drept');

INSERT INTO JUCATOR
VALUES(565, 'Balbarau Raul', 142, 'portar', 565, 'stang');

INSERT INTO JUCATOR
VALUES(566, 'Dean Beta', 142, 'fundas', 566, 'stang');

INSERT INTO JUCATOR
VALUES(567, 'Pacionel Stefan Cristinel', 142, 'mijlocas', 567, 'stang');

INSERT INTO JUCATOR
VALUES(568, 'Huiban Dragos', 142, 'atacant', 568, 'drept');

INSERT INTO JUCATOR
VALUES(569, 'Silveanu Alexandru', 143, 'portar', 569, 'drept');

INSERT INTO JUCATOR
VALUES(570, 'Marc Andrei', 143, 'fundas', 570, 'drept');

INSERT INTO JUCATOR
VALUES(571, 'Barbu Bogdan', 143, 'mijlocas', 571, 'stang');

INSERT INTO JUCATOR
VALUES(572, 'Matis Razvan', 143, 'atacant', 572, 'stang');

INSERT INTO JUCATOR
VALUES(573, 'Gurau Ion-Cristian', 144, 'portar', 573, 'drept');

INSERT INTO JUCATOR
VALUES(574, 'Dinu Alexandru Ionut', 144, 'fundas', 574, 'stang');

INSERT INTO JUCATOR
VALUES(575, 'Lemnaru Mihaita', 144, 'mijlocas', 575, 'stang');

INSERT INTO JUCATOR
VALUES(576, 'Bolohan Christo', 144, 'atacant', 576, 'stang');

INSERT INTO JUCATOR
VALUES(577, 'Gyenge Szilard', 145, 'portar', 577, 'stang');

INSERT INTO JUCATOR
VALUES(578, 'Takacs Rares', 145, 'fundas', 578, 'stang');

INSERT INTO JUCATOR
VALUES(579, 'Gal-Andrezly Peter', 145, 'mijlocas', 579, 'stang');

INSERT INTO JUCATOR
VALUES(580, 'Jelena Richard', 145, 'atacant', 580, 'stang');

INSERT INTO JUCATOR
VALUES(581, 'Stoian Relu Marian', 146, 'portar', 581, 'stang');

INSERT INTO JUCATOR
VALUES(582, 'Lopez Ariel', 146, 'fundas', 582, 'drept');

INSERT INTO JUCATOR
VALUES(583, 'Wiktorski Kamil', 146, 'mijlocas', 583, 'stang');

INSERT INTO JUCATOR
VALUES(584, 'Burlacu Dorin Eduard', 146, 'atacant', 584, 'drept');

INSERT INTO JUCATOR
VALUES(585, 'Chindris Claudiu', 147, 'portar', 585, 'drept');

INSERT INTO JUCATOR
VALUES(586, 'Rus Ionut Alexandru', 147, 'fundas', 586, 'stang');

INSERT INTO JUCATOR
VALUES(587, 'Popescu Patrick', 147, 'mijlocas', 587, 'drept');

INSERT INTO JUCATOR
VALUES(588, 'Pop Alexandru', 147, 'atacant', 588, 'drept');

INSERT INTO JUCATOR
VALUES(589, 'Gavrilas George', 148, 'portar', 589, 'drept');

INSERT INTO JUCATOR
VALUES(590, 'Grosu Darius', 148, 'fundas', 590, 'stang');

INSERT INTO JUCATOR
VALUES(591, 'Manaila Sorin', 148, 'mijlocas', 591, 'drept');

INSERT INTO JUCATOR
VALUES(592, 'Negoescu Claudiu', 148, 'atacant', 592, 'stang');

INSERT INTO JUCATOR
VALUES(593, 'Brinza Ianos', 149, 'portar', 593, 'stang');

INSERT INTO JUCATOR
VALUES(594, 'Ungurenasu Dragos', 149, 'fundas', 594, 'drept');

INSERT INTO JUCATOR
VALUES(595, 'Hrib Alexandru-Petru', 149, 'mijlocas', 595, 'stang');

INSERT INTO JUCATOR
VALUES(596, 'Plokhotnyuk Mikhailo', 149, 'atacant', 596, 'drept');

INSERT INTO JUCATOR
VALUES(597, 'Rus Ionut Casian', 150, 'portar', 597, 'drept');

INSERT INTO JUCATOR
VALUES(598, 'Butnarasu Rares', 150, 'fundas', 598, 'stang');

INSERT INTO JUCATOR
VALUES(599, 'Gladun Cosmin Stefan', 150, 'mijlocas', 599, 'stang');

INSERT INTO JUCATOR
VALUES(600, 'Gavra Cristian', 150, 'atacant', 600, 'stang');

INSERT INTO JUCATOR
VALUES(601, 'Geanta Robert-Mihai', 151, 'portar', 601, 'stang');

INSERT INTO JUCATOR
VALUES(602, 'Ciul Adrian', 151, 'fundas', 602, 'drept');

INSERT INTO JUCATOR
VALUES(603, 'Tudoran George Madalin', 151, 'mijlocas', 603, 'drept');

INSERT INTO JUCATOR
VALUES(604, 'Rus Ciprian', 151, 'atacant', 604, 'drept');

INSERT INTO JUCATOR
VALUES(605, 'Gal Rares', 152, 'portar', 605, 'drept');

INSERT INTO JUCATOR
VALUES(606, 'Arhirii Igor', 152, 'fundas', 606, 'stang');

INSERT INTO JUCATOR
VALUES(607, 'Cararus Ion', 152, 'mijlocas', 607, 'stang');

INSERT INTO JUCATOR
VALUES(608, 'Suciu Toni', 152, 'atacant', 608, 'stang');

INSERT INTO JUCATOR
VALUES(609, 'Devenish-Meares Harrison', 153, 'portar', 609, 'drept');

INSERT INTO JUCATOR
VALUES(610, 'Oanea Catalin', 153, 'fundas', 610, 'drept');

INSERT INTO JUCATOR
VALUES(611, 'Vukoje Stefan', 153, 'mijlocas', 611, 'drept');

INSERT INTO JUCATOR
VALUES(612, 'Sintean Andrei', 153, 'atacant', 612, 'drept');

INSERT INTO JUCATOR
VALUES(613, 'Popescu Laurentiu', 154, 'portar', 613, 'stang');

INSERT INTO JUCATOR
VALUES(614, 'Burlacu Marius Mihai', 154, 'fundas', 614, 'drept');

INSERT INTO JUCATOR
VALUES(615, 'Andronic Razvan', 154, 'mijlocas', 615, 'drept');

INSERT INTO JUCATOR
VALUES(616, 'Angelov Milcho', 154, 'atacant', 616, 'drept');

INSERT INTO JUCATOR
VALUES(617, 'Mitrenca Ianis', 155, 'portar', 617, 'drept');

INSERT INTO JUCATOR
VALUES(618, 'Nicola Alexandru', 155, 'fundas', 618, 'drept');

INSERT INTO JUCATOR
VALUES(619, 'Trif Rares', 155, 'mijlocas', 619, 'drept');

INSERT INTO JUCATOR
VALUES(620, 'Serbanescu Vlad', 155, 'atacant', 620, 'stang');

INSERT INTO JUCATOR
VALUES(621, 'Alexandru Ionut', 156, 'portar', 621, 'stang');

INSERT INTO JUCATOR
VALUES(622, 'Draghici Marian', 156, 'fundas', 622, 'stang');

INSERT INTO JUCATOR
VALUES(623, 'Sarbu Alexandru', 156, 'mijlocas', 623, 'stang');

INSERT INTO JUCATOR
VALUES(624, 'Vultur Darius', 156, 'atacant', 624, 'drept');

INSERT INTO JUCATOR
VALUES(625, 'Andrei Cristian', 157, 'portar', 625, 'stang');

INSERT INTO JUCATOR
VALUES(626, 'Lascu Andrei Viorel', 157, 'fundas', 626, 'stang');

INSERT INTO JUCATOR
VALUES(627, 'Robu Valentin', 157, 'mijlocas', 627, 'stang');

INSERT INTO JUCATOR
VALUES(628, 'Dutu Alexandru', 157, 'atacant', 628, 'stang');

INSERT INTO JUCATOR
VALUES(629, 'Cotolan Mihai', 158, 'portar', 629, 'drept');

INSERT INTO JUCATOR
VALUES(630, 'Fatai Yunus', 158, 'fundas', 630, 'drept');

INSERT INTO JUCATOR
VALUES(631, 'Braila David', 158, 'mijlocas', 631, 'drept');

INSERT INTO JUCATOR
VALUES(632, 'Ilie Iulian', 158, 'atacant', 632, 'stang');

INSERT INTO JUCATOR
VALUES(633, 'Ramos Claudio', 159, 'portar', 633, 'stang');

INSERT INTO JUCATOR
VALUES(634, 'Pepe', 159, 'fundas', 634, 'stang');

INSERT INTO JUCATOR
VALUES(635, 'Otavio', 159, 'mijlocas', 635, 'drept');

INSERT INTO JUCATOR
VALUES(636, 'Pepe', 159, 'atacant', 636, 'stang');

INSERT INTO JUCATOR
VALUES(637, 'Adan Antonio', 160, 'portar', 637, 'stang');

INSERT INTO JUCATOR
VALUES(638, 'Esteves Goncalo', 160, 'fundas', 638, 'drept');

INSERT INTO JUCATOR
VALUES(639, 'Santos Nuno', 160, 'mijlocas', 639, 'drept');

INSERT INTO JUCATOR
VALUES(640, 'Slimani Islam', 160, 'atacant', 640, 'drept');

INSERT INTO JUCATOR
VALUES(641, 'Vlachodimos Odysseas', 161, 'portar', 641, 'drept');

INSERT INTO JUCATOR
VALUES(642, 'Grimaldo Alejandro', 161, 'fundas', 642, 'stang');

INSERT INTO JUCATOR
VALUES(643, 'Meite Soualiho', 161, 'mijlocas', 643, 'drept');

INSERT INTO JUCATOR
VALUES(644, 'Seferovic Haris', 161, 'atacant', 644, 'stang');

INSERT INTO JUCATOR
VALUES(645, 'Hornicek Lukas', 162, 'portar', 645, 'stang');

INSERT INTO JUCATOR
VALUES(646, 'Carmo David', 162, 'fundas', 646, 'drept');

INSERT INTO JUCATOR
VALUES(647, 'Couto Bernardo', 162, 'mijlocas', 647, 'stang');

INSERT INTO JUCATOR
VALUES(648, 'Gomes Rodrigo', 162, 'atacant', 648, 'drept');

INSERT INTO JUCATOR
VALUES(649, 'Frelih Ziga', 163, 'portar', 649, 'stang');

INSERT INTO JUCATOR
VALUES(650, 'da Costa Diogo', 163, 'fundas', 650, 'drept');

INSERT INTO JUCATOR
VALUES(651, 'Carvalho Vitor', 163, 'mijlocas', 651, 'stang');

INSERT INTO JUCATOR
VALUES(652, 'Ze Carlos', 163, 'atacant', 652, 'drept');

INSERT INTO JUCATOR
VALUES(653, 'Trmal Matous', 164, 'portar', 653, 'stang');

INSERT INTO JUCATOR
VALUES(654, 'Oliveira Fernandes Jorge Filipe', 164, 'fundas', 654, 'drept');

INSERT INTO JUCATOR
VALUES(655, 'Semedo Alfa', 164, 'mijlocas', 655, 'stang');

INSERT INTO JUCATOR
VALUES(656, 'Nabian Herculano', 164, 'atacant', 656, 'stang');

INSERT INTO JUCATOR
VALUES(657, 'Ricardo Fernandes', 165, 'portar', 657, 'drept');

INSERT INTO JUCATOR
VALUES(658, 'Silva Afonso Joao Ricardo', 165, 'fundas', 658, 'drept');

INSERT INTO JUCATOR
VALUES(659, 'Mohebi Mohammad', 165, 'mijlocas', 659, 'drept');

INSERT INTO JUCATOR
VALUES(660, 'Gomez Pipe', 165, 'atacant', 660, 'stang');

INSERT INTO JUCATOR
VALUES(661, 'Ferreira do Amaral Dalberson', 166, 'portar', 661, 'drept');

INSERT INTO JUCATOR
VALUES(662, 'Marin Adrian', 166, 'fundas', 662, 'drept');

INSERT INTO JUCATOR
VALUES(663, 'Tavares David', 166, 'mijlocas', 663, 'drept');

INSERT INTO JUCATOR
VALUES(664, 'Rosendo Marques Pedro David', 166, 'atacant', 664, 'stang');

INSERT INTO JUCATOR
VALUES(665, 'Leite Daniel', 167, 'portar', 665, 'drept');

INSERT INTO JUCATOR
VALUES(666, 'Racine Coly', 167, 'fundas', 666, 'stang');

INSERT INTO JUCATOR
VALUES(667, 'Franco Andre', 167, 'mijlocas', 667, 'drept');

INSERT INTO JUCATOR
VALUES(668, 'Fonte Rui', 167, 'atacant', 668, 'stang');

INSERT INTO JUCATOR
VALUES(669, 'Miguel Silva', 168, 'portar', 669, 'stang');

INSERT INTO JUCATOR
VALUES(670, 'Soderstrom Tim', 168, 'fundas', 670, 'stang');

INSERT INTO JUCATOR
VALUES(671, 'Mendes Diogo', 168, 'mijlocas', 671, 'drept');

INSERT INTO JUCATOR
VALUES(672, 'Joel', 168, 'atacant', 672, 'drept');

INSERT INTO JUCATOR
VALUES(673, 'Ferreira Andre', 169, 'portar', 673, 'drept');

INSERT INTO JUCATOR
VALUES(674, 'Ferreira Fonseca Fernando Manuel', 169, 'fundas', 674, 'drept');

INSERT INTO JUCATOR
VALUES(675, 'Gaitan Nicolas', 169, 'mijlocas', 675, 'stang');

INSERT INTO JUCATOR
VALUES(676, 'Koffi Ndri', 169, 'atacant', 676, 'drept');

INSERT INTO JUCATOR
VALUES(677, 'Bracali Rafael', 170, 'portar', 677, 'drept');

INSERT INTO JUCATOR
VALUES(678, 'Ferreira Filipe', 170, 'fundas', 678, 'stang');

INSERT INTO JUCATOR
VALUES(679, 'Perez Sebastian', 170, 'mijlocas', 679, 'stang');

INSERT INTO JUCATOR
VALUES(680, 'Malheiro Pedro Jorge Goncalves', 170, 'atacant', 680, 'stang');

INSERT INTO JUCATOR
VALUES(681, 'Niazmand Payam', 171, 'portar', 681, 'drept');

INSERT INTO JUCATOR
VALUES(682, 'Pedrao', 171, 'fundas', 682, 'stang');

INSERT INTO JUCATOR
VALUES(683, 'Carlinhos', 171, 'mijlocas', 683, 'drept');

INSERT INTO JUCATOR
VALUES(684, 'Matos Ricardo', 171, 'atacant', 684, 'drept');

INSERT INTO JUCATOR
VALUES(685, 'Silva Pedro', 172, 'portar', 685, 'drept');

INSERT INTO JUCATOR
VALUES(686, 'Ofori Richard', 172, 'fundas', 686, 'stang');

INSERT INTO JUCATOR
VALUES(687, 'Kouao Koffi', 172, 'mijlocas', 687, 'stang');

INSERT INTO JUCATOR
VALUES(688, 'Sarmiento Andres', 172, 'atacant', 688, 'drept');

INSERT INTO JUCATOR
VALUES(689, 'Braga Victor', 173, 'portar', 689, 'stang');

INSERT INTO JUCATOR
VALUES(690, 'Bruno', 173, 'fundas', 690, 'drept');

INSERT INTO JUCATOR
VALUES(691, 'Wellington Nem', 173, 'mijlocas', 691, 'drept');

INSERT INTO JUCATOR
VALUES(692, 'Dabbagh Oday', 173, 'atacant', 692, 'drept');

INSERT INTO JUCATOR
VALUES(693, 'Pasinato Mateus', 174, 'portar', 693, 'drept');

INSERT INTO JUCATOR
VALUES(694, 'Paulinho', 174, 'fundas', 694, 'drept');

INSERT INTO JUCATOR
VALUES(695, 'Franco Goncalo Baptista', 174, 'mijlocas', 695, 'stang');

INSERT INTO JUCATOR
VALUES(696, 'Silva de Aguiar Andre Luis', 174, 'atacant', 696, 'drept');

INSERT INTO JUCATOR
VALUES(697, 'Mbaye Babacar', 175, 'portar', 697, 'stang');

INSERT INTO JUCATOR
VALUES(698, 'Alves Santos Marcelo', 175, 'fundas', 698, 'drept');

INSERT INTO JUCATOR
VALUES(699, 'Agra Salvador', 175, 'mijlocas', 699, 'stang');

INSERT INTO JUCATOR
VALUES(700, 'Boselli Graf Juan Manuel', 175, 'atacant', 700, 'stang');

INSERT INTO JUCATOR
VALUES(701, 'Ramalho Alvaro', 176, 'portar', 701, 'drept');

INSERT INTO JUCATOR
VALUES(702, 'Varela Nilton', 176, 'fundas', 702, 'drept');

INSERT INTO JUCATOR
VALUES(703, 'Lica', 176, 'mijlocas', 703, 'stang');

INSERT INTO JUCATOR
VALUES(704, 'Ndour Alioune', 176, 'atacant', 704, 'stang');

INSERT INTO SCOR
VALUES(1, 2, 0);

INSERT INTO SCOR
VALUES(2, 2, 1);

INSERT INTO SCOR
VALUES(3, 1, 0);

INSERT INTO SCOR
VALUES(4, 1, 1);

INSERT INTO SCOR
VALUES(5, 2, 2);

INSERT INTO SCOR
VALUES(6, 0, 1);

INSERT INTO SCOR
VALUES(7, 0, 2);

INSERT INTO SCOR
VALUES(8, 1, 2);

INSERT INTO SCOR
VALUES(9, 1, 3);

INSERT INTO SCOR
VALUES(10, 0, 3);

INSERT INTO SCOR
VALUES(11, 2, 3);

INSERT INTO SCOR
VALUES(12, 3, 0);

INSERT INTO SCOR
VALUES(13, 3, 1);

INSERT INTO SCOR
VALUES(14, 3, 2);

INSERT INTO SCOR
VALUES(15, 3, 3);

INSERT INTO SCOR
VALUES(16, 0, 0);

INSERT INTO SCOR
VALUES(17, 8, 2);

INSERT INTO PARTIDA
VALUES(1, 1, 2, 1, 2, 0, 40000);

INSERT INTO PARTIDA
VALUES(2, 2, 3, 2, 2, 1, 35000);

INSERT INTO PARTIDA
VALUES(3, 3, 4, 3, 1, 0, 37520);

INSERT INTO PARTIDA
VALUES(4, 4, 5, 4, 1, 1, 28000);

INSERT INTO PARTIDA
VALUES(5, 5, 6, 4, 2, 2, 19721);

INSERT INTO PARTIDA
VALUES(6, 6, 7, 3, 2, 1, 21070);

INSERT INTO PARTIDA
VALUES(7, 7, 8, 2, 0, 1, 32100);

INSERT INTO PARTIDA
VALUES(8, 8, 9, 1, 0, 2, 9030);

INSERT INTO PARTIDA
VALUES(9, 9, 10, 3, 1, 2, 10000);

INSERT INTO PARTIDA
VALUES(10, 10, 11, 4, 1, 1, 315202);

INSERT INTO PARTIDA
VALUES(11, 11, 12, 2, 1, 1, 6942);

INSERT INTO PARTIDA
VALUES(12, 12, 13, 4, 0, 3, 8520);

INSERT INTO PARTIDA
VALUES(13, 13, 14, 1, 0, 3, 5000);

INSERT INTO PARTIDA
VALUES(14, 14, 15, 3, 0, 1, 5023);

INSERT INTO PARTIDA
VALUES(15, 15, 16, 2, 2, 1, 9625);

INSERT INTO PARTIDA
VALUES(16, 16, 17, 3, 2, 2, 3700);

INSERT INTO PARTIDA
VALUES(17, 17, 18, 1, 1, 0, 5300);

INSERT INTO PARTIDA
VALUES(18, 18, 19, 1, 2, 3, 8100);

INSERT INTO PARTIDA
VALUES(19, 19, 20, 3, 1, 2, 2050);

INSERT INTO PARTIDA
VALUES(20, 20, 1, 1, 2, 0, 25300);

INSERT INTO PARTIDA
VALUES(21, 21, 22, 4, 0, 5, 28492);

INSERT INTO PARTIDA
VALUES(22, 22, 23, 4, 3, 5, 6180);

INSERT INTO PARTIDA
VALUES(23, 23, 24, 4, 1, 0, 34685);

INSERT INTO PARTIDA
VALUES(24, 24, 25, 4, 7, 7, 13385);

INSERT INTO PARTIDA
VALUES(25, 25, 26, 4, 1, 6, 14228);

INSERT INTO PARTIDA
VALUES(26, 26, 27, 2, 5, 4, 22645);

INSERT INTO PARTIDA
VALUES(27, 27, 28, 2, 7, 1, 10848);

INSERT INTO PARTIDA
VALUES(28, 28, 29, 2, 7, 2, 12873);

INSERT INTO PARTIDA
VALUES(29, 29, 30, 4, 4, 2, 17906);

INSERT INTO PARTIDA
VALUES(30, 30, 31, 2, 6, 4, 15919);

INSERT INTO PARTIDA
VALUES(31, 31, 32, 3, 6, 5, 6176);

INSERT INTO PARTIDA
VALUES(32, 32, 33, 2, 7, 7, 38019);

INSERT INTO PARTIDA
VALUES(33, 33, 34, 2, 3, 5, 12230);

INSERT INTO PARTIDA
VALUES(34, 34, 35, 4, 6, 1, 19376);

INSERT INTO PARTIDA
VALUES(35, 35, 36, 2, 5, 6, 16737);

INSERT INTO PARTIDA
VALUES(36, 36, 37, 3, 6, 6, 34082);

INSERT INTO PARTIDA
VALUES(37, 37, 38, 3, 0, 7, 11772);

INSERT INTO PARTIDA
VALUES(38, 38, 39, 2, 3, 2, 44939);

INSERT INTO PARTIDA
VALUES(39, 39, 40, 3, 0, 5, 19538);

INSERT INTO PARTIDA
VALUES(40, 40, 41, 4, 4, 6, 11147);

INSERT INTO PARTIDA
VALUES(41, 41, 42, 2, 7, 0, 22976);

INSERT INTO PARTIDA
VALUES(42, 42, 43, 1, 0, 5, 27784);

INSERT INTO PARTIDA
VALUES(43, 43, 44, 1, 7, 1, 3428);

INSERT INTO PARTIDA
VALUES(44, 44, 21, 2, 1, 3, 20509);

INSERT INTO PARTIDA
VALUES(45, 45, 46, 8, 2, 3, 25690);

INSERT INTO PARTIDA
VALUES(46, 46, 47, 6, 2, 2, 34946);

INSERT INTO PARTIDA
VALUES(47, 47, 48, 5, 3, 7, 47328);

INSERT INTO PARTIDA
VALUES(48, 48, 49, 8, 6, 3, 18997);

INSERT INTO PARTIDA
VALUES(49, 49, 50, 6, 2, 2, 34271);

INSERT INTO PARTIDA
VALUES(50, 50, 51, 5, 0, 6, 6413);

INSERT INTO PARTIDA
VALUES(51, 51, 52, 6, 7, 1, 39283);

INSERT INTO PARTIDA
VALUES(52, 52, 53, 6, 4, 5, 12631);

INSERT INTO PARTIDA
VALUES(53, 53, 54, 6, 2, 1, 16902);

INSERT INTO PARTIDA
VALUES(54, 54, 55, 8, 7, 6, 19372);

INSERT INTO PARTIDA
VALUES(55, 55, 56, 7, 1, 6, 39752);

INSERT INTO PARTIDA
VALUES(56, 56, 57, 7, 5, 4, 12496);

INSERT INTO PARTIDA
VALUES(57, 57, 58, 8, 3, 2, 16200);

INSERT INTO PARTIDA
VALUES(58, 58, 59, 8, 3, 4, 30898);

INSERT INTO PARTIDA
VALUES(59, 59, 60, 7, 7, 4, 10254);

INSERT INTO PARTIDA
VALUES(60, 60, 61, 8, 0, 3, 5687);

INSERT INTO PARTIDA
VALUES(61, 61, 62, 7, 0, 5, 20245);

INSERT INTO PARTIDA
VALUES(62, 62, 45, 8, 3, 4, 3366);

INSERT INTO PARTIDA
VALUES(63, 63, 64, 10, 6, 0, 43118);

INSERT INTO PARTIDA
VALUES(64, 64, 65, 12, 4, 3, 18214);

INSERT INTO PARTIDA
VALUES(65, 65, 66, 12, 1, 4, 40050);

INSERT INTO PARTIDA
VALUES(66, 66, 67, 10, 6, 0, 30331);

INSERT INTO PARTIDA
VALUES(67, 67, 68, 11, 3, 6, 12928);

INSERT INTO PARTIDA
VALUES(68, 68, 69, 10, 6, 2, 6654);

INSERT INTO PARTIDA
VALUES(69, 69, 70, 11, 6, 4, 29035);

INSERT INTO PARTIDA
VALUES(70, 70, 71, 11, 2, 1, 42522);

INSERT INTO PARTIDA
VALUES(71, 71, 72, 12, 2, 7, 38865);

INSERT INTO PARTIDA
VALUES(72, 72, 73, 11, 0, 1, 37528);

INSERT INTO PARTIDA
VALUES(73, 73, 74, 12, 4, 4, 9399);

INSERT INTO PARTIDA
VALUES(74, 74, 75, 11, 7, 7, 46104);

INSERT INTO PARTIDA
VALUES(75, 75, 76, 11, 3, 3, 6275);

INSERT INTO PARTIDA
VALUES(76, 76, 77, 12, 6, 6, 10921);

INSERT INTO PARTIDA
VALUES(77, 77, 78, 9, 4, 4, 19955);

INSERT INTO PARTIDA
VALUES(78, 78, 79, 9, 3, 3, 37631);

INSERT INTO PARTIDA
VALUES(79, 79, 80, 10, 6, 2, 5665);

INSERT INTO PARTIDA
VALUES(80, 80, 81, 11, 7, 7, 1970);

INSERT INTO PARTIDA
VALUES(81, 81, 82, 11, 7, 0, 28823);

INSERT INTO PARTIDA
VALUES(82, 82, 63, 10, 4, 6, 49203);

INSERT INTO PARTIDA
VALUES(83, 83, 84, 16, 3, 2, 23730);

INSERT INTO PARTIDA
VALUES(84, 84, 85, 15, 3, 0, 39650);

INSERT INTO PARTIDA
VALUES(85, 85, 86, 13, 7, 0, 24889);

INSERT INTO PARTIDA
VALUES(86, 86, 87, 14, 2, 4, 6908);

INSERT INTO PARTIDA
VALUES(87, 87, 88, 15, 4, 4, 44452);

INSERT INTO PARTIDA
VALUES(88, 88, 89, 13, 5, 2, 13731);

INSERT INTO PARTIDA
VALUES(89, 89, 90, 16, 4, 5, 34862);

INSERT INTO PARTIDA
VALUES(90, 90, 91, 14, 2, 1, 1312);

INSERT INTO PARTIDA
VALUES(91, 91, 92, 15, 1, 7, 21317);

INSERT INTO PARTIDA
VALUES(92, 92, 93, 13, 4, 3, 6998);

INSERT INTO PARTIDA
VALUES(93, 93, 94, 13, 4, 5, 49609);

INSERT INTO PARTIDA
VALUES(94, 94, 95, 13, 0, 3, 33537);

INSERT INTO PARTIDA
VALUES(95, 95, 96, 14, 6, 3, 24498);

INSERT INTO PARTIDA
VALUES(96, 96, 97, 16, 1, 0, 21124);

INSERT INTO PARTIDA
VALUES(97, 97, 98, 16, 4, 7, 16948);

INSERT INTO PARTIDA
VALUES(98, 98, 99, 14, 1, 4, 22800);

INSERT INTO PARTIDA
VALUES(99, 99, 100, 15, 1, 5, 29586);

INSERT INTO PARTIDA
VALUES(100, 100, 101, 14, 4, 5, 8469);

INSERT INTO PARTIDA
VALUES(101, 101, 102, 16, 3, 2, 12799);

INSERT INTO PARTIDA
VALUES(102, 102, 83, 14, 1, 3, 39022);

INSERT INTO PARTIDA
VALUES(103, 103, 104, 18, 1, 2, 17985);

INSERT INTO PARTIDA
VALUES(104, 104, 105, 19, 5, 2, 47869);

INSERT INTO PARTIDA
VALUES(105, 105, 106, 18, 2, 4, 11442);

INSERT INTO PARTIDA
VALUES(106, 106, 107, 20, 4, 6, 14219);

INSERT INTO PARTIDA
VALUES(107, 107, 108, 17, 1, 6, 16604);

INSERT INTO PARTIDA
VALUES(108, 108, 109, 19, 7, 0, 12239);

INSERT INTO PARTIDA
VALUES(109, 109, 110, 18, 1, 7, 11513);

INSERT INTO PARTIDA
VALUES(110, 110, 111, 19, 5, 2, 14603);

INSERT INTO PARTIDA
VALUES(111, 111, 112, 19, 2, 1, 40430);

INSERT INTO PARTIDA
VALUES(112, 112, 113, 19, 3, 4, 6654);

INSERT INTO PARTIDA
VALUES(113, 113, 114, 18, 6, 2, 2718);

INSERT INTO PARTIDA
VALUES(114, 114, 115, 18, 1, 0, 21430);

INSERT INTO PARTIDA
VALUES(115, 115, 116, 18, 1, 2, 32244);

INSERT INTO PARTIDA
VALUES(116, 116, 117, 17, 2, 6, 29708);

INSERT INTO PARTIDA
VALUES(117, 117, 118, 17, 3, 0, 34350);

INSERT INTO PARTIDA
VALUES(118, 118, 119, 17, 4, 6, 18332);

INSERT INTO PARTIDA
VALUES(119, 119, 120, 19, 2, 7, 20221);

INSERT INTO PARTIDA
VALUES(120, 120, 121, 18, 7, 2, 46561);

INSERT INTO PARTIDA
VALUES(121, 121, 122, 17, 5, 3, 37769);

INSERT INTO PARTIDA
VALUES(122, 122, 103, 18, 1, 5, 2354);

INSERT INTO PARTIDA
VALUES(123, 123, 124, 23, 5, 5, 22479);

INSERT INTO PARTIDA
VALUES(124, 124, 125, 24, 5, 0, 38798);

INSERT INTO PARTIDA
VALUES(125, 125, 126, 23, 7, 6, 39766);

INSERT INTO PARTIDA
VALUES(126, 126, 127, 22, 4, 0, 40054);

INSERT INTO PARTIDA
VALUES(127, 127, 128, 22, 1, 7, 5974);

INSERT INTO PARTIDA
VALUES(128, 128, 129, 22, 7, 2, 41571);

INSERT INTO PARTIDA
VALUES(129, 129, 130, 21, 5, 3, 35691);

INSERT INTO PARTIDA
VALUES(130, 130, 131, 21, 7, 0, 14026);

INSERT INTO PARTIDA
VALUES(131, 131, 132, 21, 6, 3, 34548);

INSERT INTO PARTIDA
VALUES(132, 132, 133, 22, 7, 6, 34947);

INSERT INTO PARTIDA
VALUES(133, 133, 134, 23, 1, 5, 4327);

INSERT INTO PARTIDA
VALUES(134, 134, 135, 24, 0, 6, 25977);

INSERT INTO PARTIDA
VALUES(135, 135, 136, 24, 7, 6, 39355);

INSERT INTO PARTIDA
VALUES(136, 136, 137, 21, 3, 2, 23562);

INSERT INTO PARTIDA
VALUES(137, 137, 138, 23, 2, 0, 45376);

INSERT INTO PARTIDA
VALUES(138, 138, 139, 21, 3, 1, 29247);

INSERT INTO PARTIDA
VALUES(139, 139, 140, 24, 1, 7, 36798);

INSERT INTO PARTIDA
VALUES(140, 140, 141, 22, 4, 6, 20991);

INSERT INTO PARTIDA
VALUES(141, 141, 142, 24, 6, 4, 21152);

INSERT INTO PARTIDA
VALUES(142, 142, 143, 23, 7, 0, 6663);

INSERT INTO PARTIDA
VALUES(143, 143, 144, 22, 2, 0, 48487);

INSERT INTO PARTIDA
VALUES(144, 144, 145, 24, 3, 4, 45745);

INSERT INTO PARTIDA
VALUES(145, 145, 146, 21, 6, 2, 18147);

INSERT INTO PARTIDA
VALUES(146, 146, 147, 21, 3, 5, 5422);

INSERT INTO PARTIDA
VALUES(147, 147, 148, 23, 4, 6, 3013);

INSERT INTO PARTIDA
VALUES(148, 148, 149, 21, 3, 3, 14975);

INSERT INTO PARTIDA
VALUES(149, 149, 150, 24, 5, 6, 15957);

INSERT INTO PARTIDA
VALUES(150, 150, 151, 24, 4, 6, 29983);

INSERT INTO PARTIDA
VALUES(151, 151, 152, 24, 6, 6, 49646);

INSERT INTO PARTIDA
VALUES(152, 152, 153, 24, 7, 5, 8035);

INSERT INTO PARTIDA
VALUES(153, 153, 154, 21, 5, 1, 23123);

INSERT INTO PARTIDA
VALUES(154, 154, 155, 22, 7, 2, 29832);

INSERT INTO PARTIDA
VALUES(155, 155, 156, 23, 3, 1, 48400);

INSERT INTO PARTIDA
VALUES(156, 156, 157, 21, 7, 6, 23798);

INSERT INTO PARTIDA
VALUES(157, 157, 158, 22, 1, 5, 7692);

INSERT INTO PARTIDA
VALUES(158, 158, 123, 23, 0, 3, 6121);

INSERT INTO PARTIDA
VALUES(159, 159, 160, 27, 5, 7, 28108);

INSERT INTO PARTIDA
VALUES(160, 160, 161, 25, 7, 1, 33649);

INSERT INTO PARTIDA
VALUES(161, 161, 162, 27, 5, 5, 4188);

INSERT INTO PARTIDA
VALUES(162, 162, 163, 26, 4, 6, 5649);

INSERT INTO PARTIDA
VALUES(163, 163, 164, 25, 2, 5, 43552);

INSERT INTO PARTIDA
VALUES(164, 164, 165, 28, 0, 3, 35809);

INSERT INTO PARTIDA
VALUES(165, 165, 166, 28, 1, 5, 15806);

INSERT INTO PARTIDA
VALUES(166, 166, 167, 26, 1, 5, 30237);

INSERT INTO PARTIDA
VALUES(167, 167, 168, 27, 5, 0, 17515);

INSERT INTO PARTIDA
VALUES(168, 168, 169, 28, 0, 5, 1428);

INSERT INTO PARTIDA
VALUES(169, 169, 170, 25, 1, 2, 28417);

INSERT INTO PARTIDA
VALUES(170, 170, 171, 25, 5, 1, 5761);

INSERT INTO PARTIDA
VALUES(171, 171, 172, 26, 3, 0, 32822);

INSERT INTO PARTIDA
VALUES(172, 172, 173, 25, 1, 0, 22746);

INSERT INTO PARTIDA
VALUES(173, 173, 174, 25, 6, 3, 43508);

INSERT INTO PARTIDA
VALUES(174, 174, 175, 25, 2, 3, 47695);

INSERT INTO PARTIDA
VALUES(175, 175, 176, 26, 4, 6, 1848);

INSERT INTO PARTIDA
VALUES(176, 176, 159, 27, 5, 3, 48519);

INSERT INTO ARBITRU_PARTIDA
VALUES(1,1);

INSERT INTO ARBITRU_PARTIDA
VALUES(1,7);

INSERT INTO ARBITRU_PARTIDA
VALUES(2,1);

INSERT INTO ARBITRU_PARTIDA
VALUES(2,4);

INSERT INTO ARBITRU_PARTIDA
VALUES(2,6);

INSERT INTO ARBITRU_PARTIDA
VALUES(2,7);

INSERT INTO ARBITRU_PARTIDA
VALUES(3,3);

INSERT INTO ARBITRU_PARTIDA
VALUES(3,4);

INSERT INTO ARBITRU_PARTIDA
VALUES(3,5);

INSERT INTO ARBITRU_PARTIDA
VALUES(3,6);

INSERT INTO ARBITRU_PARTIDA
VALUES(3,7);

INSERT INTO ARBITRU_PARTIDA
VALUES(4,6);

INSERT INTO ARBITRU_PARTIDA
VALUES(5,1);

INSERT INTO ARBITRU_PARTIDA
VALUES(5,2);

INSERT INTO ARBITRU_PARTIDA
VALUES(5,3);

INSERT INTO ARBITRU_PARTIDA
VALUES(5,4);

INSERT INTO ARBITRU_PARTIDA
VALUES(5,6);

INSERT INTO ARBITRU_PARTIDA
VALUES(5,7);

INSERT INTO ARBITRU_PARTIDA
VALUES(6,5);

INSERT INTO ARBITRU_PARTIDA
VALUES(7,2);

INSERT INTO ARBITRU_PARTIDA
VALUES(7,4);

INSERT INTO ARBITRU_PARTIDA
VALUES(7,5);

INSERT INTO ARBITRU_PARTIDA
VALUES(7,7);

INSERT INTO ARBITRU_PARTIDA
VALUES(8,1);

INSERT INTO ARBITRU_PARTIDA
VALUES(8,2);

INSERT INTO ARBITRU_PARTIDA
VALUES(8,6);

INSERT INTO ARBITRU_PARTIDA
VALUES(8,7);

INSERT INTO ARBITRU_PARTIDA
VALUES(9,1);

INSERT INTO ARBITRU_PARTIDA
VALUES(9,2);

INSERT INTO ARBITRU_PARTIDA
VALUES(9,4);

INSERT INTO ARBITRU_PARTIDA
VALUES(10,1);

INSERT INTO ARBITRU_PARTIDA
VALUES(10,3);

INSERT INTO ARBITRU_PARTIDA
VALUES(10,4);

INSERT INTO ARBITRU_PARTIDA
VALUES(10,5);

INSERT INTO ARBITRU_PARTIDA
VALUES(10,6);

INSERT INTO ARBITRU_PARTIDA
VALUES(10,7);

INSERT INTO ARBITRU_PARTIDA
VALUES(11,1);

INSERT INTO ARBITRU_PARTIDA
VALUES(11,4);

INSERT INTO ARBITRU_PARTIDA
VALUES(11,5);

INSERT INTO ARBITRU_PARTIDA
VALUES(11,6);

INSERT INTO ARBITRU_PARTIDA
VALUES(12,1);

INSERT INTO ARBITRU_PARTIDA
VALUES(12,4);

INSERT INTO ARBITRU_PARTIDA
VALUES(12,5);

INSERT INTO ARBITRU_PARTIDA
VALUES(13,5);

INSERT INTO ARBITRU_PARTIDA
VALUES(14,2);

INSERT INTO ARBITRU_PARTIDA
VALUES(14,4);

INSERT INTO ARBITRU_PARTIDA
VALUES(14,7);

INSERT INTO ARBITRU_PARTIDA
VALUES(15,1);

INSERT INTO ARBITRU_PARTIDA
VALUES(15,2);

INSERT INTO ARBITRU_PARTIDA
VALUES(15,3);

INSERT INTO ARBITRU_PARTIDA
VALUES(15,7);

INSERT INTO ARBITRU_PARTIDA
VALUES(16,2);

INSERT INTO ARBITRU_PARTIDA
VALUES(16,3);

INSERT INTO ARBITRU_PARTIDA
VALUES(16,5);

INSERT INTO ARBITRU_PARTIDA
VALUES(17,1);

INSERT INTO ARBITRU_PARTIDA
VALUES(17,3);

INSERT INTO ARBITRU_PARTIDA
VALUES(17,4);

INSERT INTO ARBITRU_PARTIDA
VALUES(17,7);

INSERT INTO ARBITRU_PARTIDA
VALUES(18,5);

INSERT INTO ARBITRU_PARTIDA
VALUES(19,1);

INSERT INTO ARBITRU_PARTIDA
VALUES(19,2);

INSERT INTO ARBITRU_PARTIDA
VALUES(19,4);

INSERT INTO ARBITRU_PARTIDA
VALUES(20,1);

INSERT INTO ARBITRU_PARTIDA
VALUES(20,2);

INSERT INTO ARBITRU_PARTIDA
VALUES(20,5);

INSERT INTO ARBITRU_PARTIDA
VALUES(20,6);

INSERT INTO ARBITRU_PARTIDA
VALUES(20,7);

INSERT INTO ARBITRU_PARTIDA
VALUES(21,2);

INSERT INTO ARBITRU_PARTIDA
VALUES(21,3);

INSERT INTO ARBITRU_PARTIDA
VALUES(21,5);

INSERT INTO ARBITRU_PARTIDA
VALUES(21,6);

INSERT INTO ARBITRU_PARTIDA
VALUES(21,7);

INSERT INTO ARBITRU_PARTIDA
VALUES(22,3);

INSERT INTO ARBITRU_PARTIDA
VALUES(22,4);

INSERT INTO ARBITRU_PARTIDA
VALUES(22,6);

INSERT INTO ARBITRU_PARTIDA
VALUES(23,1);

INSERT INTO ARBITRU_PARTIDA
VALUES(23,3);

INSERT INTO ARBITRU_PARTIDA
VALUES(23,6);

INSERT INTO ARBITRU_PARTIDA
VALUES(24,2);

INSERT INTO ARBITRU_PARTIDA
VALUES(24,5);

INSERT INTO ARBITRU_PARTIDA
VALUES(25,1);

INSERT INTO ARBITRU_PARTIDA
VALUES(25,2);

INSERT INTO ARBITRU_PARTIDA
VALUES(25,4);

INSERT INTO ARBITRU_PARTIDA
VALUES(25,5);

INSERT INTO ARBITRU_PARTIDA
VALUES(26,2);

INSERT INTO ARBITRU_PARTIDA
VALUES(26,3);

INSERT INTO ARBITRU_PARTIDA
VALUES(26,4);

INSERT INTO ARBITRU_PARTIDA
VALUES(27,1);

INSERT INTO ARBITRU_PARTIDA
VALUES(27,3);

INSERT INTO ARBITRU_PARTIDA
VALUES(28,2);

INSERT INTO ARBITRU_PARTIDA
VALUES(28,3);

INSERT INTO ARBITRU_PARTIDA
VALUES(28,4);

INSERT INTO ARBITRU_PARTIDA
VALUES(28,5);

INSERT INTO ARBITRU_PARTIDA
VALUES(29,3);

INSERT INTO ARBITRU_PARTIDA
VALUES(29,4);

INSERT INTO ARBITRU_PARTIDA
VALUES(29,5);

INSERT INTO ARBITRU_PARTIDA
VALUES(29,6);

INSERT INTO ARBITRU_PARTIDA
VALUES(29,7);

INSERT INTO ARBITRU_PARTIDA
VALUES(30,3);

INSERT INTO ARBITRU_PARTIDA
VALUES(30,7);

INSERT INTO ARBITRU_PARTIDA
VALUES(31,4);

INSERT INTO ARBITRU_PARTIDA
VALUES(32,1);

INSERT INTO ARBITRU_PARTIDA
VALUES(32,6);

INSERT INTO ARBITRU_PARTIDA
VALUES(33,2);

INSERT INTO ARBITRU_PARTIDA
VALUES(33,5);

INSERT INTO ARBITRU_PARTIDA
VALUES(33,6);

INSERT INTO ARBITRU_PARTIDA
VALUES(33,7);

INSERT INTO ARBITRU_PARTIDA
VALUES(34,7);

INSERT INTO ARBITRU_PARTIDA
VALUES(35,1);

INSERT INTO ARBITRU_PARTIDA
VALUES(35,2);

INSERT INTO ARBITRU_PARTIDA
VALUES(35,3);

INSERT INTO ARBITRU_PARTIDA
VALUES(35,5);

INSERT INTO ARBITRU_PARTIDA
VALUES(35,6);

INSERT INTO ARBITRU_PARTIDA
VALUES(36,1);

INSERT INTO ARBITRU_PARTIDA
VALUES(36,3);

INSERT INTO ARBITRU_PARTIDA
VALUES(36,4);

INSERT INTO ARBITRU_PARTIDA
VALUES(36,5);

INSERT INTO ARBITRU_PARTIDA
VALUES(36,6);

INSERT INTO ARBITRU_PARTIDA
VALUES(37,1);

INSERT INTO ARBITRU_PARTIDA
VALUES(37,3);

INSERT INTO ARBITRU_PARTIDA
VALUES(37,4);

INSERT INTO ARBITRU_PARTIDA
VALUES(37,5);

INSERT INTO ARBITRU_PARTIDA
VALUES(37,6);

INSERT INTO ARBITRU_PARTIDA
VALUES(38,2);

INSERT INTO ARBITRU_PARTIDA
VALUES(38,3);

INSERT INTO ARBITRU_PARTIDA
VALUES(38,4);

INSERT INTO ARBITRU_PARTIDA
VALUES(38,5);

INSERT INTO ARBITRU_PARTIDA
VALUES(39,1);

INSERT INTO ARBITRU_PARTIDA
VALUES(39,4);

INSERT INTO ARBITRU_PARTIDA
VALUES(40,1);

INSERT INTO ARBITRU_PARTIDA
VALUES(40,2);

INSERT INTO ARBITRU_PARTIDA
VALUES(40,3);

INSERT INTO ARBITRU_PARTIDA
VALUES(40,4);

INSERT INTO ARBITRU_PARTIDA
VALUES(41,2);

INSERT INTO ARBITRU_PARTIDA
VALUES(41,3);

INSERT INTO ARBITRU_PARTIDA
VALUES(41,5);

INSERT INTO ARBITRU_PARTIDA
VALUES(42,1);

INSERT INTO ARBITRU_PARTIDA
VALUES(42,3);

INSERT INTO ARBITRU_PARTIDA
VALUES(42,6);

INSERT INTO ARBITRU_PARTIDA
VALUES(43,2);

INSERT INTO ARBITRU_PARTIDA
VALUES(43,4);

INSERT INTO ARBITRU_PARTIDA
VALUES(44,1);

INSERT INTO ARBITRU_PARTIDA
VALUES(44,4);

INSERT INTO ARBITRU_PARTIDA
VALUES(44,5);

INSERT INTO ARBITRU_PARTIDA
VALUES(44,7);

INSERT INTO ARBITRU_PARTIDA
VALUES(45,8);

INSERT INTO ARBITRU_PARTIDA
VALUES(45,10);

INSERT INTO ARBITRU_PARTIDA
VALUES(45,12);

INSERT INTO ARBITRU_PARTIDA
VALUES(45,13);

INSERT INTO ARBITRU_PARTIDA
VALUES(46,11);

INSERT INTO ARBITRU_PARTIDA
VALUES(47,8);

INSERT INTO ARBITRU_PARTIDA
VALUES(47,9);

INSERT INTO ARBITRU_PARTIDA
VALUES(47,11);

INSERT INTO ARBITRU_PARTIDA
VALUES(47,12);

INSERT INTO ARBITRU_PARTIDA
VALUES(47,14);

INSERT INTO ARBITRU_PARTIDA
VALUES(48,8);

INSERT INTO ARBITRU_PARTIDA
VALUES(48,9);

INSERT INTO ARBITRU_PARTIDA
VALUES(48,10);

INSERT INTO ARBITRU_PARTIDA
VALUES(48,13);

INSERT INTO ARBITRU_PARTIDA
VALUES(48,14);

INSERT INTO ARBITRU_PARTIDA
VALUES(49,10);

INSERT INTO ARBITRU_PARTIDA
VALUES(50,8);

INSERT INTO ARBITRU_PARTIDA
VALUES(50,9);

INSERT INTO ARBITRU_PARTIDA
VALUES(50,10);

INSERT INTO ARBITRU_PARTIDA
VALUES(50,13);

INSERT INTO ARBITRU_PARTIDA
VALUES(50,14);

INSERT INTO ARBITRU_PARTIDA
VALUES(51,10);

INSERT INTO ARBITRU_PARTIDA
VALUES(51,13);

INSERT INTO ARBITRU_PARTIDA
VALUES(51,14);

INSERT INTO ARBITRU_PARTIDA
VALUES(52,9);

INSERT INTO ARBITRU_PARTIDA
VALUES(52,12);

INSERT INTO ARBITRU_PARTIDA
VALUES(52,13);

INSERT INTO ARBITRU_PARTIDA
VALUES(52,14);

INSERT INTO ARBITRU_PARTIDA
VALUES(53,8);

INSERT INTO ARBITRU_PARTIDA
VALUES(53,9);

INSERT INTO ARBITRU_PARTIDA
VALUES(53,10);

INSERT INTO ARBITRU_PARTIDA
VALUES(53,12);

INSERT INTO ARBITRU_PARTIDA
VALUES(53,13);

INSERT INTO ARBITRU_PARTIDA
VALUES(54,10);

INSERT INTO ARBITRU_PARTIDA
VALUES(55,10);

INSERT INTO ARBITRU_PARTIDA
VALUES(55,13);

INSERT INTO ARBITRU_PARTIDA
VALUES(55,14);

INSERT INTO ARBITRU_PARTIDA
VALUES(56,9);

INSERT INTO ARBITRU_PARTIDA
VALUES(57,8);

INSERT INTO ARBITRU_PARTIDA
VALUES(57,10);

INSERT INTO ARBITRU_PARTIDA
VALUES(57,11);

INSERT INTO ARBITRU_PARTIDA
VALUES(57,12);

INSERT INTO ARBITRU_PARTIDA
VALUES(58,9);

INSERT INTO ARBITRU_PARTIDA
VALUES(58,10);

INSERT INTO ARBITRU_PARTIDA
VALUES(58,12);

INSERT INTO ARBITRU_PARTIDA
VALUES(58,13);

INSERT INTO ARBITRU_PARTIDA
VALUES(58,14);

INSERT INTO ARBITRU_PARTIDA
VALUES(59,8);

INSERT INTO ARBITRU_PARTIDA
VALUES(59,10);

INSERT INTO ARBITRU_PARTIDA
VALUES(59,11);

INSERT INTO ARBITRU_PARTIDA
VALUES(59,12);

INSERT INTO ARBITRU_PARTIDA
VALUES(60,10);

INSERT INTO ARBITRU_PARTIDA
VALUES(60,11);

INSERT INTO ARBITRU_PARTIDA
VALUES(61,8);

INSERT INTO ARBITRU_PARTIDA
VALUES(61,9);

INSERT INTO ARBITRU_PARTIDA
VALUES(61,11);

INSERT INTO ARBITRU_PARTIDA
VALUES(61,13);

INSERT INTO ARBITRU_PARTIDA
VALUES(62,12);

INSERT INTO ARBITRU_PARTIDA
VALUES(62,13);

INSERT INTO ARBITRU_PARTIDA
VALUES(62,14);

INSERT INTO ARBITRU_PARTIDA
VALUES(63,17);

INSERT INTO ARBITRU_PARTIDA
VALUES(63,18);

INSERT INTO ARBITRU_PARTIDA
VALUES(63,15);

INSERT INTO ARBITRU_PARTIDA
VALUES(64,16);

INSERT INTO ARBITRU_PARTIDA
VALUES(65,16);

INSERT INTO ARBITRU_PARTIDA
VALUES(66,16);

INSERT INTO ARBITRU_PARTIDA
VALUES(66,17);

INSERT INTO ARBITRU_PARTIDA
VALUES(67,16);

INSERT INTO ARBITRU_PARTIDA
VALUES(67,17);

INSERT INTO ARBITRU_PARTIDA
VALUES(67,19);

INSERT INTO ARBITRU_PARTIDA
VALUES(67,15);

INSERT INTO ARBITRU_PARTIDA
VALUES(68,16);

INSERT INTO ARBITRU_PARTIDA
VALUES(68,17);

INSERT INTO ARBITRU_PARTIDA
VALUES(69,15);

INSERT INTO ARBITRU_PARTIDA
VALUES(70,17);

INSERT INTO ARBITRU_PARTIDA
VALUES(70,18);

INSERT INTO ARBITRU_PARTIDA
VALUES(70,20);

INSERT INTO ARBITRU_PARTIDA
VALUES(70,15);

INSERT INTO ARBITRU_PARTIDA
VALUES(71,18);

INSERT INTO ARBITRU_PARTIDA
VALUES(71,15);

INSERT INTO ARBITRU_PARTIDA
VALUES(72,16);

INSERT INTO ARBITRU_PARTIDA
VALUES(72,19);

INSERT INTO ARBITRU_PARTIDA
VALUES(72,15);

INSERT INTO ARBITRU_PARTIDA
VALUES(73,16);

INSERT INTO ARBITRU_PARTIDA
VALUES(73,18);

INSERT INTO ARBITRU_PARTIDA
VALUES(73,20);

INSERT INTO ARBITRU_PARTIDA
VALUES(73,15);

INSERT INTO ARBITRU_PARTIDA
VALUES(74,15);

INSERT INTO ARBITRU_PARTIDA
VALUES(74,16);

INSERT INTO ARBITRU_PARTIDA
VALUES(74,17);

INSERT INTO ARBITRU_PARTIDA
VALUES(74,18);

INSERT INTO ARBITRU_PARTIDA
VALUES(74,19);

INSERT INTO ARBITRU_PARTIDA
VALUES(75,15);

INSERT INTO ARBITRU_PARTIDA
VALUES(75,16);

INSERT INTO ARBITRU_PARTIDA
VALUES(75,17);

INSERT INTO ARBITRU_PARTIDA
VALUES(75,18);

INSERT INTO ARBITRU_PARTIDA
VALUES(75,19);

INSERT INTO ARBITRU_PARTIDA
VALUES(75,20);

INSERT INTO ARBITRU_PARTIDA
VALUES(76,17);

INSERT INTO ARBITRU_PARTIDA
VALUES(76,19);

INSERT INTO ARBITRU_PARTIDA
VALUES(76,20);

INSERT INTO ARBITRU_PARTIDA
VALUES(76,15);

INSERT INTO ARBITRU_PARTIDA
VALUES(77,17);

INSERT INTO ARBITRU_PARTIDA
VALUES(77,18);

INSERT INTO ARBITRU_PARTIDA
VALUES(77,20);

INSERT INTO ARBITRU_PARTIDA
VALUES(77,15);

INSERT INTO ARBITRU_PARTIDA
VALUES(78,16);

INSERT INTO ARBITRU_PARTIDA
VALUES(78,18);

INSERT INTO ARBITRU_PARTIDA
VALUES(78,20);

INSERT INTO ARBITRU_PARTIDA
VALUES(78,15);

INSERT INTO ARBITRU_PARTIDA
VALUES(79,16);

INSERT INTO ARBITRU_PARTIDA
VALUES(79,18);

INSERT INTO ARBITRU_PARTIDA
VALUES(79,15);

INSERT INTO ARBITRU_PARTIDA
VALUES(80,17);

INSERT INTO ARBITRU_PARTIDA
VALUES(80,20);

INSERT INTO ARBITRU_PARTIDA
VALUES(80,15);

INSERT INTO ARBITRU_PARTIDA
VALUES(81,20);

INSERT INTO ARBITRU_PARTIDA
VALUES(81,15);

INSERT INTO ARBITRU_PARTIDA
VALUES(82,17);

INSERT INTO ARBITRU_PARTIDA
VALUES(82,20);

INSERT INTO ARBITRU_PARTIDA
VALUES(82,15);

INSERT INTO ARBITRU_PARTIDA
VALUES(83,24);

INSERT INTO ARBITRU_PARTIDA
VALUES(83,25);

INSERT INTO ARBITRU_PARTIDA
VALUES(83,22);

INSERT INTO ARBITRU_PARTIDA
VALUES(84,24);

INSERT INTO ARBITRU_PARTIDA
VALUES(84,21);

INSERT INTO ARBITRU_PARTIDA
VALUES(85,24);

INSERT INTO ARBITRU_PARTIDA
VALUES(85,21);

INSERT INTO ARBITRU_PARTIDA
VALUES(85,22);

INSERT INTO ARBITRU_PARTIDA
VALUES(86,25);

INSERT INTO ARBITRU_PARTIDA
VALUES(86,22);

INSERT INTO ARBITRU_PARTIDA
VALUES(86,23);

INSERT INTO ARBITRU_PARTIDA
VALUES(87,22);

INSERT INTO ARBITRU_PARTIDA
VALUES(87,23);

INSERT INTO ARBITRU_PARTIDA
VALUES(88,24);

INSERT INTO ARBITRU_PARTIDA
VALUES(88,25);

INSERT INTO ARBITRU_PARTIDA
VALUES(88,22);

INSERT INTO ARBITRU_PARTIDA
VALUES(89,24);

INSERT INTO ARBITRU_PARTIDA
VALUES(89,25);

INSERT INTO ARBITRU_PARTIDA
VALUES(89,22);

INSERT INTO ARBITRU_PARTIDA
VALUES(89,23);

INSERT INTO ARBITRU_PARTIDA
VALUES(90,21);

INSERT INTO ARBITRU_PARTIDA
VALUES(90,22);

INSERT INTO ARBITRU_PARTIDA
VALUES(91,23);

INSERT INTO ARBITRU_PARTIDA
VALUES(92,24);

INSERT INTO ARBITRU_PARTIDA
VALUES(92,25);

INSERT INTO ARBITRU_PARTIDA
VALUES(93,24);

INSERT INTO ARBITRU_PARTIDA
VALUES(93,25);

INSERT INTO ARBITRU_PARTIDA
VALUES(93,21);

INSERT INTO ARBITRU_PARTIDA
VALUES(93,23);

INSERT INTO ARBITRU_PARTIDA
VALUES(94,24);

INSERT INTO ARBITRU_PARTIDA
VALUES(94,25);

INSERT INTO ARBITRU_PARTIDA
VALUES(94,23);

INSERT INTO ARBITRU_PARTIDA
VALUES(95,24);

INSERT INTO ARBITRU_PARTIDA
VALUES(95,22);

INSERT INTO ARBITRU_PARTIDA
VALUES(96,21);

INSERT INTO ARBITRU_PARTIDA
VALUES(96,22);

INSERT INTO ARBITRU_PARTIDA
VALUES(97,22);

INSERT INTO ARBITRU_PARTIDA
VALUES(97,23);

INSERT INTO ARBITRU_PARTIDA
VALUES(98,21);

INSERT INTO ARBITRU_PARTIDA
VALUES(99,24);

INSERT INTO ARBITRU_PARTIDA
VALUES(99,22);

INSERT INTO ARBITRU_PARTIDA
VALUES(99,23);

INSERT INTO ARBITRU_PARTIDA
VALUES(100,24);

INSERT INTO ARBITRU_PARTIDA
VALUES(100,23);

INSERT INTO ARBITRU_PARTIDA
VALUES(101,25);

INSERT INTO ARBITRU_PARTIDA
VALUES(102,24);

INSERT INTO ARBITRU_PARTIDA
VALUES(102,25);

INSERT INTO ARBITRU_PARTIDA
VALUES(102,22);

INSERT INTO ARBITRU_PARTIDA
VALUES(103,28);

INSERT INTO ARBITRU_PARTIDA
VALUES(104,29);

INSERT INTO ARBITRU_PARTIDA
VALUES(105,28);

INSERT INTO ARBITRU_PARTIDA
VALUES(106,26);

INSERT INTO ARBITRU_PARTIDA
VALUES(106,29);

INSERT INTO ARBITRU_PARTIDA
VALUES(107,26);

INSERT INTO ARBITRU_PARTIDA
VALUES(107,29);

INSERT INTO ARBITRU_PARTIDA
VALUES(108,26);

INSERT INTO ARBITRU_PARTIDA
VALUES(109,27);

INSERT INTO ARBITRU_PARTIDA
VALUES(110,28);

INSERT INTO ARBITRU_PARTIDA
VALUES(111,27);

INSERT INTO ARBITRU_PARTIDA
VALUES(111,28);

INSERT INTO ARBITRU_PARTIDA
VALUES(111,29);

INSERT INTO ARBITRU_PARTIDA
VALUES(112,27);

INSERT INTO ARBITRU_PARTIDA
VALUES(112,28);

INSERT INTO ARBITRU_PARTIDA
VALUES(112,29);

INSERT INTO ARBITRU_PARTIDA
VALUES(113,26);

INSERT INTO ARBITRU_PARTIDA
VALUES(113,28);

INSERT INTO ARBITRU_PARTIDA
VALUES(113,29);

INSERT INTO ARBITRU_PARTIDA
VALUES(113,30);

INSERT INTO ARBITRU_PARTIDA
VALUES(114,26);

INSERT INTO ARBITRU_PARTIDA
VALUES(114,28);

INSERT INTO ARBITRU_PARTIDA
VALUES(115,27);

INSERT INTO ARBITRU_PARTIDA
VALUES(115,28);

INSERT INTO ARBITRU_PARTIDA
VALUES(115,29);

INSERT INTO ARBITRU_PARTIDA
VALUES(116,26);

INSERT INTO ARBITRU_PARTIDA
VALUES(116,27);

INSERT INTO ARBITRU_PARTIDA
VALUES(116,30);

INSERT INTO ARBITRU_PARTIDA
VALUES(117,29);

INSERT INTO ARBITRU_PARTIDA
VALUES(118,30);

INSERT INTO ARBITRU_PARTIDA
VALUES(119,26);

INSERT INTO ARBITRU_PARTIDA
VALUES(119,27);

INSERT INTO ARBITRU_PARTIDA
VALUES(119,29);

INSERT INTO ARBITRU_PARTIDA
VALUES(119,30);

INSERT INTO ARBITRU_PARTIDA
VALUES(120,26);

INSERT INTO ARBITRU_PARTIDA
VALUES(120,27);

INSERT INTO ARBITRU_PARTIDA
VALUES(120,30);

INSERT INTO ARBITRU_PARTIDA
VALUES(121,27);

INSERT INTO ARBITRU_PARTIDA
VALUES(121,30);

INSERT INTO ARBITRU_PARTIDA
VALUES(122,27);

INSERT INTO ARBITRU_PARTIDA
VALUES(122,28);

INSERT INTO ARBITRU_PARTIDA
VALUES(122,29);

INSERT INTO ARBITRU_PARTIDA
VALUES(122,30);

INSERT INTO ARBITRU_PARTIDA
VALUES(123,35);

INSERT INTO ARBITRU_PARTIDA
VALUES(123,37);

INSERT INTO ARBITRU_PARTIDA
VALUES(123,31);

INSERT INTO ARBITRU_PARTIDA
VALUES(124,32);

INSERT INTO ARBITRU_PARTIDA
VALUES(124,36);

INSERT INTO ARBITRU_PARTIDA
VALUES(124,38);

INSERT INTO ARBITRU_PARTIDA
VALUES(125,33);

INSERT INTO ARBITRU_PARTIDA
VALUES(125,34);

INSERT INTO ARBITRU_PARTIDA
VALUES(125,37);

INSERT INTO ARBITRU_PARTIDA
VALUES(126,32);

INSERT INTO ARBITRU_PARTIDA
VALUES(126,34);

INSERT INTO ARBITRU_PARTIDA
VALUES(126,36);

INSERT INTO ARBITRU_PARTIDA
VALUES(126,37);

INSERT INTO ARBITRU_PARTIDA
VALUES(127,32);

INSERT INTO ARBITRU_PARTIDA
VALUES(127,37);

INSERT INTO ARBITRU_PARTIDA
VALUES(127,31);

INSERT INTO ARBITRU_PARTIDA
VALUES(128,31);

INSERT INTO ARBITRU_PARTIDA
VALUES(129,33);

INSERT INTO ARBITRU_PARTIDA
VALUES(129,34);

INSERT INTO ARBITRU_PARTIDA
VALUES(129,35);

INSERT INTO ARBITRU_PARTIDA
VALUES(129,36);

INSERT INTO ARBITRU_PARTIDA
VALUES(129,31);

INSERT INTO ARBITRU_PARTIDA
VALUES(130,33);

INSERT INTO ARBITRU_PARTIDA
VALUES(131,32);

INSERT INTO ARBITRU_PARTIDA
VALUES(132,32);

INSERT INTO ARBITRU_PARTIDA
VALUES(132,33);

INSERT INTO ARBITRU_PARTIDA
VALUES(132,36);

INSERT INTO ARBITRU_PARTIDA
VALUES(133,32);

INSERT INTO ARBITRU_PARTIDA
VALUES(133,35);

INSERT INTO ARBITRU_PARTIDA
VALUES(133,37);

INSERT INTO ARBITRU_PARTIDA
VALUES(134,32);

INSERT INTO ARBITRU_PARTIDA
VALUES(134,34);

INSERT INTO ARBITRU_PARTIDA
VALUES(134,36);

INSERT INTO ARBITRU_PARTIDA
VALUES(134,38);

INSERT INTO ARBITRU_PARTIDA
VALUES(135,32);

INSERT INTO ARBITRU_PARTIDA
VALUES(135,35);

INSERT INTO ARBITRU_PARTIDA
VALUES(135,36);

INSERT INTO ARBITRU_PARTIDA
VALUES(135,37);

INSERT INTO ARBITRU_PARTIDA
VALUES(135,38);

INSERT INTO ARBITRU_PARTIDA
VALUES(135,31);

INSERT INTO ARBITRU_PARTIDA
VALUES(136,32);

INSERT INTO ARBITRU_PARTIDA
VALUES(136,35);

INSERT INTO ARBITRU_PARTIDA
VALUES(136,37);

INSERT INTO ARBITRU_PARTIDA
VALUES(136,31);

INSERT INTO ARBITRU_PARTIDA
VALUES(137,33);

INSERT INTO ARBITRU_PARTIDA
VALUES(137,34);

INSERT INTO ARBITRU_PARTIDA
VALUES(137,36);

INSERT INTO ARBITRU_PARTIDA
VALUES(137,38);

INSERT INTO ARBITRU_PARTIDA
VALUES(137,31);

INSERT INTO ARBITRU_PARTIDA
VALUES(138,32);

INSERT INTO ARBITRU_PARTIDA
VALUES(139,33);

INSERT INTO ARBITRU_PARTIDA
VALUES(139,35);

INSERT INTO ARBITRU_PARTIDA
VALUES(139,37);

INSERT INTO ARBITRU_PARTIDA
VALUES(139,38);

INSERT INTO ARBITRU_PARTIDA
VALUES(139,31);

INSERT INTO ARBITRU_PARTIDA
VALUES(140,32);

INSERT INTO ARBITRU_PARTIDA
VALUES(140,35);

INSERT INTO ARBITRU_PARTIDA
VALUES(140,37);

INSERT INTO ARBITRU_PARTIDA
VALUES(141,32);

INSERT INTO ARBITRU_PARTIDA
VALUES(141,33);

INSERT INTO ARBITRU_PARTIDA
VALUES(141,34);

INSERT INTO ARBITRU_PARTIDA
VALUES(141,36);

INSERT INTO ARBITRU_PARTIDA
VALUES(141,37);

INSERT INTO ARBITRU_PARTIDA
VALUES(141,31);

INSERT INTO ARBITRU_PARTIDA
VALUES(142,31);

INSERT INTO ARBITRU_PARTIDA
VALUES(143,32);

INSERT INTO ARBITRU_PARTIDA
VALUES(143,35);

INSERT INTO ARBITRU_PARTIDA
VALUES(143,37);

INSERT INTO ARBITRU_PARTIDA
VALUES(143,38);

INSERT INTO ARBITRU_PARTIDA
VALUES(144,33);

INSERT INTO ARBITRU_PARTIDA
VALUES(144,35);

INSERT INTO ARBITRU_PARTIDA
VALUES(144,36);

INSERT INTO ARBITRU_PARTIDA
VALUES(144,37);

INSERT INTO ARBITRU_PARTIDA
VALUES(144,31);

INSERT INTO ARBITRU_PARTIDA
VALUES(145,37);

INSERT INTO ARBITRU_PARTIDA
VALUES(146,32);

INSERT INTO ARBITRU_PARTIDA
VALUES(146,33);

INSERT INTO ARBITRU_PARTIDA
VALUES(146,35);

INSERT INTO ARBITRU_PARTIDA
VALUES(146,36);

INSERT INTO ARBITRU_PARTIDA
VALUES(146,37);

INSERT INTO ARBITRU_PARTIDA
VALUES(147,34);

INSERT INTO ARBITRU_PARTIDA
VALUES(147,36);

INSERT INTO ARBITRU_PARTIDA
VALUES(147,37);

INSERT INTO ARBITRU_PARTIDA
VALUES(148,33);

INSERT INTO ARBITRU_PARTIDA
VALUES(148,34);

INSERT INTO ARBITRU_PARTIDA
VALUES(148,35);

INSERT INTO ARBITRU_PARTIDA
VALUES(148,36);

INSERT INTO ARBITRU_PARTIDA
VALUES(148,38);

INSERT INTO ARBITRU_PARTIDA
VALUES(149,33);

INSERT INTO ARBITRU_PARTIDA
VALUES(149,36);

INSERT INTO ARBITRU_PARTIDA
VALUES(149,38);

INSERT INTO ARBITRU_PARTIDA
VALUES(150,35);

INSERT INTO ARBITRU_PARTIDA
VALUES(150,36);

INSERT INTO ARBITRU_PARTIDA
VALUES(150,37);

INSERT INTO ARBITRU_PARTIDA
VALUES(150,38);

INSERT INTO ARBITRU_PARTIDA
VALUES(150,31);

INSERT INTO ARBITRU_PARTIDA
VALUES(151,36);

INSERT INTO ARBITRU_PARTIDA
VALUES(151,31);

INSERT INTO ARBITRU_PARTIDA
VALUES(152,33);

INSERT INTO ARBITRU_PARTIDA
VALUES(152,35);

INSERT INTO ARBITRU_PARTIDA
VALUES(152,37);

INSERT INTO ARBITRU_PARTIDA
VALUES(153,33);

INSERT INTO ARBITRU_PARTIDA
VALUES(153,34);

INSERT INTO ARBITRU_PARTIDA
VALUES(153,35);

INSERT INTO ARBITRU_PARTIDA
VALUES(153,37);

INSERT INTO ARBITRU_PARTIDA
VALUES(153,38);

INSERT INTO ARBITRU_PARTIDA
VALUES(154,32);

INSERT INTO ARBITRU_PARTIDA
VALUES(154,34);

INSERT INTO ARBITRU_PARTIDA
VALUES(154,35);

INSERT INTO ARBITRU_PARTIDA
VALUES(154,36);

INSERT INTO ARBITRU_PARTIDA
VALUES(154,37);

INSERT INTO ARBITRU_PARTIDA
VALUES(155,34);

INSERT INTO ARBITRU_PARTIDA
VALUES(155,35);

INSERT INTO ARBITRU_PARTIDA
VALUES(155,36);

INSERT INTO ARBITRU_PARTIDA
VALUES(155,38);

INSERT INTO ARBITRU_PARTIDA
VALUES(155,31);

INSERT INTO ARBITRU_PARTIDA
VALUES(156,32);

INSERT INTO ARBITRU_PARTIDA
VALUES(156,34);

INSERT INTO ARBITRU_PARTIDA
VALUES(156,35);

INSERT INTO ARBITRU_PARTIDA
VALUES(157,32);

INSERT INTO ARBITRU_PARTIDA
VALUES(157,34);

INSERT INTO ARBITRU_PARTIDA
VALUES(157,35);

INSERT INTO ARBITRU_PARTIDA
VALUES(157,36);

INSERT INTO ARBITRU_PARTIDA
VALUES(157,38);

INSERT INTO ARBITRU_PARTIDA
VALUES(158,33);

INSERT INTO ARBITRU_PARTIDA
VALUES(158,34);

INSERT INTO ARBITRU_PARTIDA
VALUES(158,35);

INSERT INTO ARBITRU_PARTIDA
VALUES(158,36);

INSERT INTO ARBITRU_PARTIDA
VALUES(158,38);

INSERT INTO ARBITRU_PARTIDA
VALUES(158,31);

INSERT INTO ARBITRU_PARTIDA
VALUES(159,40);

INSERT INTO ARBITRU_PARTIDA
VALUES(159,42);

INSERT INTO ARBITRU_PARTIDA
VALUES(159,44);

INSERT INTO ARBITRU_PARTIDA
VALUES(160,40);

INSERT INTO ARBITRU_PARTIDA
VALUES(160,41);

INSERT INTO ARBITRU_PARTIDA
VALUES(160,43);

INSERT INTO ARBITRU_PARTIDA
VALUES(160,44);

INSERT INTO ARBITRU_PARTIDA
VALUES(161,42);

INSERT INTO ARBITRU_PARTIDA
VALUES(162,44);

INSERT INTO ARBITRU_PARTIDA
VALUES(163,41);

INSERT INTO ARBITRU_PARTIDA
VALUES(163,42);

INSERT INTO ARBITRU_PARTIDA
VALUES(163,43);

INSERT INTO ARBITRU_PARTIDA
VALUES(164,40);

INSERT INTO ARBITRU_PARTIDA
VALUES(164,41);

INSERT INTO ARBITRU_PARTIDA
VALUES(164,44);

INSERT INTO ARBITRU_PARTIDA
VALUES(165,41);

INSERT INTO ARBITRU_PARTIDA
VALUES(165,42);

INSERT INTO ARBITRU_PARTIDA
VALUES(165,43);

INSERT INTO ARBITRU_PARTIDA
VALUES(166,40);

INSERT INTO ARBITRU_PARTIDA
VALUES(166,42);

INSERT INTO ARBITRU_PARTIDA
VALUES(166,44);

INSERT INTO ARBITRU_PARTIDA
VALUES(167,42);

INSERT INTO ARBITRU_PARTIDA
VALUES(167,43);

INSERT INTO ARBITRU_PARTIDA
VALUES(167,44);

INSERT INTO ARBITRU_PARTIDA
VALUES(168,40);

INSERT INTO ARBITRU_PARTIDA
VALUES(169,41);

INSERT INTO ARBITRU_PARTIDA
VALUES(169,42);

INSERT INTO ARBITRU_PARTIDA
VALUES(169,43);

INSERT INTO ARBITRU_PARTIDA
VALUES(169,44);

INSERT INTO ARBITRU_PARTIDA
VALUES(170,40);

INSERT INTO ARBITRU_PARTIDA
VALUES(170,41);

INSERT INTO ARBITRU_PARTIDA
VALUES(170,42);

INSERT INTO ARBITRU_PARTIDA
VALUES(170,43);

INSERT INTO ARBITRU_PARTIDA
VALUES(170,44);

INSERT INTO ARBITRU_PARTIDA
VALUES(171,40);

INSERT INTO ARBITRU_PARTIDA
VALUES(171,41);

INSERT INTO ARBITRU_PARTIDA
VALUES(171,42);

INSERT INTO ARBITRU_PARTIDA
VALUES(171,43);

INSERT INTO ARBITRU_PARTIDA
VALUES(172,44);

INSERT INTO ARBITRU_PARTIDA
VALUES(173,44);

INSERT INTO ARBITRU_PARTIDA
VALUES(174,41);

INSERT INTO ARBITRU_PARTIDA
VALUES(175,40);

INSERT INTO ARBITRU_PARTIDA
VALUES(175,41);

INSERT INTO ARBITRU_PARTIDA
VALUES(175,43);

INSERT INTO ARBITRU_PARTIDA
VALUES(176,41);

INSERT INTO ARBITRU_PARTIDA
VALUES(176,42);
